video_id,title,publishedAt,publishtime,views,likes,comments,duration,subscriber_count,duration_seconds,duration_minutes,video_type,thumbnail_url
nCps1Z_uTes,"I Bought 1,000 lbs of LOST MAIL Packages (FINALE)",26-07-2025,14:30:37Z,2113377,53591,10967,PT29M32S,7260000,1772,30,Full Video,https://i.ytimg.com/vi/nCps1Z_uTes/hqdefault.jpg
Ypjup_5sowM,How many POPMART boxes until I get a SECRET?!,15-07-2025,13:15:10Z,638214,21917,276,PT58S,7260000,58,1,Shorts,https://i.ytimg.com/vi/Ypjup_5sowM/hqdefault.jpg
8rqjjQLQOUQ,I Bought EVERY POPMART Mystery Box,12-07-2025,14:30:08Z,4534189,77959,3990,PT49M54S,7260000,2994,50,Full Video,https://i.ytimg.com/vi/8rqjjQLQOUQ/hqdefault.jpg
#NAME?,I Bought DISCONTINUED FOOD From Our Childhood,28-06-2025,14:30:00Z,2457585,47264,3456,PT27M30S,7260000,1650,28,Full Video,https://i.ytimg.com/vi/-eK4l7LVeyQ/hqdefault.jpg
e8wo4WlPt5Q,I Bought EVERY Tiktok Mystery Box,21-06-2025,14:30:25Z,2950013,61795,2669,PT29M24S,7260000,1764,29,Full Video,https://i.ytimg.com/vi/e8wo4WlPt5Q/hqdefault.jpg
sTQHJCkAj1Q,I Investigated Ai SCAM Products,07-06-2025,14:30:29Z,6228065,130507,7302,PT26M59S,7260000,1619,27,Full Video,https://i.ytimg.com/vi/sTQHJCkAj1Q/hqdefault.jpg
JuTMcEG_jq4,I Tested UNREALISTIC Pinterest Hair,24-05-2025,14:30:24Z,1952532,41311,1732,PT16M13S,7260000,973,16,Full Video,https://i.ytimg.com/vi/JuTMcEG_jq4/hqdefault.jpg
z5hY-Zdz9bI,What Design will this BURN AWAY SHIRT Reveal?!,17-05-2025,13:01:43Z,1102526,31534,281,PT27S,7260000,27,0,Shorts,https://i.ytimg.com/vi/z5hY-Zdz9bI/hqdefault.jpg
e5NMV4U790o,I Tested TOP YOUTUBER Products,10-05-2025,14:30:33Z,3225812,58779,3374,PT35M6S,7260000,2106,35,Full Video,https://i.ytimg.com/vi/e5NMV4U790o/hqdefault.jpg
huywVCJvqn4,I Tested VIRAL Beauty Products you won‚Äôt believe,03-05-2025,14:30:21Z,3837261,50879,2797,PT20M54S,7260000,1254,21,Full Video,https://i.ytimg.com/vi/huywVCJvqn4/hqdefault.jpg
v56xk82HBbo,What My Dresses Would Look Like as People? #Sponsored #DreamScreenAI,28-04-2025,21:01:03Z,1017651,31071,,PT38S,7260000,38,1,Shorts,https://i.ytimg.com/vi/v56xk82HBbo/hqdefault.jpg
4IUMN2jApkM,I Painted a LOUIS VUITTON Bag in 5 MIN vs 5 HOURS vs 5 DAYS,19-04-2025,14:30:03Z,1506297,37396,2607,PT19M7S,7260000,1147,19,Full Video,https://i.ytimg.com/vi/4IUMN2jApkM/hqdefault.jpg
MtKTM2XHKks,How I keep my PINK HAIR off the floor! The ultimate robot vacuum assistant #ad,13-04-2025,23:01:09Z,615420,13022,150,PT44S,7260000,44,1,Shorts,https://i.ytimg.com/vi/MtKTM2XHKks/hqdefault.jpg
FrLeSRpAnbM,I Tested VIRAL Tiktok CANDY You Won‚Äôt Believe,12-04-2025,14:30:15Z,6104909,87070,5342,PT24M28S,7260000,1468,24,Full Video,https://i.ytimg.com/vi/FrLeSRpAnbM/hqdefault.jpg
hOkMz8UaDfs,World's BIGGEST Crocs vs World's SMALLEST Crocs,07-04-2025,14:30:31Z,1890874,36866,152,PT18S,7260000,18,0,Shorts,https://i.ytimg.com/vi/hOkMz8UaDfs/hqdefault.jpg
a3sIFY8LqKs,I Tested EVERY Mystery Box Website (part 2),05-04-2025,14:30:00Z,6149731,92145,4766,PT47M42S,7260000,2862,48,Full Video,https://i.ytimg.com/vi/a3sIFY8LqKs/hqdefault.jpg
rA6pRsD2OEs,Dressing as VEGGIES in the WORLD‚ÄôS LARGEST SHOPPING CART,31-03-2025,23:55:45Z,3901884,102438,455,PT31S,7260000,31,1,Shorts,https://i.ytimg.com/vi/rA6pRsD2OEs/hqdefault.jpg
43KNkiVlC1E,I Bought EVERY CROCS Charm (aka JIBBITZ),29-03-2025,14:30:01Z,2120449,31939,2420,PT21M19S,7260000,1279,21,Full Video,https://i.ytimg.com/vi/43KNkiVlC1E/hqdefault.jpg
Wxgkda9YiHw,"I Bought the SAME DRESS for $30, $300, $3,000",22-03-2025,14:30:25Z,3094339,74282,2596,PT15M13S,7260000,913,15,Full Video,https://i.ytimg.com/vi/Wxgkda9YiHw/hqdefault.jpg
xZNOwulyD7E,I Bought from EVERY LIVE Stream SHOPPING App,15-03-2025,14:30:34Z,3380826,57207,2612,PT26M56S,7260000,1616,27,Full Video,https://i.ytimg.com/vi/xZNOwulyD7E/hqdefault.jpg
xQxY-ByqP-U,Testing PINTEREST Vacation spots: Lake Edition,06-03-2025,00:04:11Z,1002215,32341,387,PT23S,7260000,23,0,Shorts,https://i.ytimg.com/vi/xQxY-ByqP-U/hqdefault.jpg
Qd8VkPq3Avo,I got my SCAM Dresses FIXED by a Seamstress,01-03-2025,15:30:13Z,2747496,90014,2830,PT16M37S,7260000,997,17,Full Video,https://i.ytimg.com/vi/Qd8VkPq3Avo/hqdefault.jpg
mI4menWw2lc,I Created GIANT VIRAL BEAUTY Products,22-02-2025,15:30:17Z,7380059,72419,5072,PT26M9S,7260000,1569,26,Full Video,https://i.ytimg.com/vi/mI4menWw2lc/hqdefault.jpg
FMuJeIFzHq4,WHAT color is THE DRESS ???,20-02-2025,15:58:56Z,5372207,174347,10437,PT30S,7260000,30,0,Shorts,https://i.ytimg.com/vi/FMuJeIFzHq4/hqdefault.jpg
ZsmrwMTFEUk,Investigating UNREALISTIC Ai Products,15-02-2025,15:30:19Z,8265370,137058,7863,PT30M50S,7260000,1850,31,Full Video,https://i.ytimg.com/vi/ZsmrwMTFEUk/hqdefault.jpg
370PVGH49D0,I Bought the MOST UNUSUAL TIKTOK Nails,01-02-2025,15:30:02Z,4540978,55978,2540,PT24M32S,7260000,1472,25,Full Video,https://i.ytimg.com/vi/370PVGH49D0/hqdefault.jpg
nyC6e3O705g,When SMOKE DYED Clothes get WET ?!,27-01-2025,15:30:17Z,1214157,36901,114,PT29S,7260000,29,0,Shorts,https://i.ytimg.com/vi/nyC6e3O705g/hqdefault.jpg
no0xoyJIt1I,I Tested UNUSUAL Viral Tiktok Candy,25-01-2025,15:30:18Z,9225117,101640,7583,PT20M38S,7260000,1238,21,Full Video,https://i.ytimg.com/vi/no0xoyJIt1I/hqdefault.jpg
nMAY8KKSo0I,"Can YOU GUESS $100 vs $10,000 Outfit?!",20-01-2025,15:30:17Z,5588099,187007,264,PT37S,7260000,37,1,Shorts,https://i.ytimg.com/vi/nMAY8KKSo0I/hqdefault.jpg
7xc_OAfs62Y,"I Bought the SAME OUTFIT for $100, $1000, $10,000",18-01-2025,15:30:02Z,4897779,92920,3026,PT27M23S,7260000,1643,27,Full Video,https://i.ytimg.com/vi/7xc_OAfs62Y/hqdefault.jpg
07M7KzXuWiU,Will SMOKE Tie-DYE this T-Shirt?!,11-01-2025,15:30:00Z,4769475,204270,163,PT31S,7260000,31,1,Shorts,https://i.ytimg.com/vi/07M7KzXuWiU/hqdefault.jpg
9U6K_FvLq7A,Attempting to Finish EVERY DIY Project I've Started..,04-01-2025,15:30:02Z,2508742,59648,2126,PT16M52S,7260000,1012,17,Full Video,https://i.ytimg.com/vi/9U6K_FvLq7A/hqdefault.jpg
klZvWPOQ0Ek,"$1,200 SWAROVSKI Advent Calendar (DAY 24)",24-12-2024,15:07:55Z,1989072,148625,1093,PT1M19S,7260000,79,1,Shorts,https://i.ytimg.com/vi/klZvWPOQ0Ek/hqdefault.jpg
JAEvOhnHFO0,$600 BEAUTY ADVENT CALENDAR - Opening ENTIRE thing! (Day 23),23-12-2024,15:30:04Z,4289077,259238,590,PT1M13S,7260000,73,1,Shorts,https://i.ytimg.com/vi/JAEvOhnHFO0/hqdefault.jpg
#NAME?,$600 TIFFANY Advent Calendar (DAY 22),22-12-2024,15:30:00Z,1004136,57605,1240,PT1M16S,7260000,76,1,Shorts,https://i.ytimg.com/vi/-bkiBANqgs8/hqdefault.jpg
X0QBPxTIKZg,I Bought 10 UNUSUAL Beauty Products,21-12-2024,14:30:12Z,5046112,67753,2953,PT15M47S,7260000,947,16,Full Video,https://i.ytimg.com/vi/X0QBPxTIKZg/hqdefault.jpg
hbdbQ7uZG2M,Opening ENTIRE $300 LUSH Advent Calendar (DAY 20),20-12-2024,15:30:21Z,1186987,68561,503,PT1M55S,7260000,115,2,Shorts,https://i.ytimg.com/vi/hbdbQ7uZG2M/hqdefault.jpg
JqwovnaeY1o,Opening ENTIRE Advent Calendar: JEWELRY Theme (DAY 19),19-12-2024,15:30:08Z,932803,62550,309,PT47S,7260000,47,1,Shorts,https://i.ytimg.com/vi/JqwovnaeY1o/hqdefault.jpg
P_WfJWEqr3E,Opening ENTIRE MAC Beauty Advent Calendar (day 18),18-12-2024,15:30:14Z,886284,62053,331,PT1M19S,7260000,79,1,Shorts,https://i.ytimg.com/vi/P_WfJWEqr3E/hqdefault.jpg
9O0GKAUk8Cs,Opening ENTIRE Barbie Advent Calendar (day 19),17-12-2024,16:24:52Z,1355320,81939,401,PT51S,7260000,51,1,Shorts,https://i.ytimg.com/vi/9O0GKAUk8Cs/hqdefault.jpg
JdefkMELsWQ,SCAMMED by FAKE LEGO Advent Calendar?? (Day 16),15-12-2024,19:37:47Z,964117,54944,394,PT53S,7260000,53,1,Shorts,https://i.ytimg.com/vi/JdefkMELsWQ/hqdefault.jpg
sbIZUDL5_mE,Opening ENTIRE TAYLOR SWIFT Advent Calendar (day 14),14-12-2024,15:30:17Z,2608776,130603,778,PT1M36S,7260000,96,2,Shorts,https://i.ytimg.com/vi/sbIZUDL5_mE/hqdefault.jpg
OZbM5IRCKqY,I Bought #1 Products From Our Childhood *every decade*,14-12-2024,14:30:08Z,6539556,61621,4218,PT30M14S,7260000,1814,30,Full Video,https://i.ytimg.com/vi/OZbM5IRCKqY/hqdefault.jpg
9sIE01DvWWY,TEMU SLIME Advent Calendar: Opening ENTIRE Advent every day until Christmas (Day 13),13-12-2024,18:22:19Z,901915,56499,752,PT1M41S,7260000,101,2,Shorts,https://i.ytimg.com/vi/9sIE01DvWWY/hqdefault.jpg
yMGAmlKXX64,SHEIN Beauty Advent Calendar: Opening ENTIRE Advent Every day until Christmas (Day 11),12-12-2024,01:04:47Z,1216337,77577,369,PT1M1S,7260000,61,1,Shorts,https://i.ytimg.com/vi/yMGAmlKXX64/hqdefault.jpg
wlZ4_E_REDs,CROCS Advent Calendar! Opening ENTIRE Calendar EVERY DAY (Day 10),10-12-2024,18:31:09Z,8485642,293421,452,PT35S,7260000,35,1,Shorts,https://i.ytimg.com/vi/wlZ4_E_REDs/hqdefault.jpg
YLlED-x5sN0,CUTEST Charm Bracelet Advent Calendar! (Day 9),09-12-2024,16:09:57Z,3076818,208877,570,PT45S,7260000,45,1,Shorts,https://i.ytimg.com/vi/YLlED-x5sN0/hqdefault.jpg
JqSvtIHz4xU,Opening ENTIRE MINI BRANDS Advent Calendar (Day 8),08-12-2024,18:33:29Z,1156204,71699,325,PT54S,7260000,54,1,Shorts,https://i.ytimg.com/vi/JqSvtIHz4xU/hqdefault.jpg
hkk4wngUcII,Opening ENTIRE ADVENT CALENDAR (Day 7) Ulta Makeup theme,08-12-2024,01:38:40Z,1215867,80835,262,PT48S,7260000,48,1,Shorts,https://i.ytimg.com/vi/hkk4wngUcII/hqdefault.jpg
YY4WKNKD9Ho,I Bought EVERY DYSON Product,07-12-2024,17:30:10Z,5299091,69819,3145,PT1H9M30S,7260000,4170,70,Full Video,https://i.ytimg.com/vi/YY4WKNKD9Ho/hqdefault.jpg
1sLULa6Roo0,BUILD-A-BEAR Advent Calendar! Opening ENTIRE advent every day until Christmas (day 6),06-12-2024,15:00:01Z,1539999,86247,343,PT1M2S,7260000,62,1,Shorts,https://i.ytimg.com/vi/1sLULa6Roo0/hqdefault.jpg
cPgBpP9KIBs,NAILS üíÖ Advent Calendar: Opening and ENTIRE Advent EVERY DAY until Christmas (day 5),05-12-2024,20:54:28Z,2715598,127709,290,PT43S,7260000,43,1,Shorts,https://i.ytimg.com/vi/cPgBpP9KIBs/hqdefault.jpg
JNONw_epaQs,Opening ENTIRE ADVENT CALENDAR: Funko Pop (day 4),04-12-2024,15:00:17Z,962869,66822,542,PT47S,7260000,47,1,Shorts,https://i.ytimg.com/vi/JNONw_epaQs/hqdefault.jpg
108xkjUzIa8,Opening ENTIRE ADVENT CALENDAR: Sephora edition (day 3),03-12-2024,15:00:01Z,1334933,86873,367,PT49S,7260000,49,1,Shorts,https://i.ytimg.com/vi/108xkjUzIa8/hqdefault.jpg
OPhzEtqjawc,WICKED ADVENT CALENDAR: the WORST calendar EVER??,02-12-2024,18:05:12Z,1209750,71624,464,PT1M2S,7260000,62,1,Shorts,https://i.ytimg.com/vi/OPhzEtqjawc/hqdefault.jpg
YAWJSl3zipI,Opening ENTIRE ADVENT CALENDAR: ALL PINK theme (day 1),01-12-2024,22:57:08Z,2080655,109378,400,PT51S,7260000,51,1,Shorts,https://i.ytimg.com/vi/YAWJSl3zipI/hqdefault.jpg
8BPxgu3XGTo,I Bought the SAME CLOTHES from Different Decades,30-11-2024,14:30:03Z,3327089,56451,2982,PT38M8S,7260000,2288,38,Full Video,https://i.ytimg.com/vi/8BPxgu3XGTo/hqdefault.jpg
QoiT79hLEUs,I Tested EVERY Mystery Box Website (part 1),16-11-2024,14:30:11Z,11086750,154284,7865,PT43M29S,7260000,2609,43,Full Video,https://i.ytimg.com/vi/QoiT79hLEUs/hqdefault.jpg
k7Fo6FXlejA,"I Bought the SAME DRESS for $15, $50, $500, $5000",09-11-2024,14:30:19Z,11598178,255198,8294,PT21M36S,7260000,1296,22,Full Video,https://i.ytimg.com/vi/k7Fo6FXlejA/hqdefault.jpg
zpz0O2hFGYw,I Stayed in BARBIE Themed Airbnbs,02-11-2024,13:30:38Z,2479434,40294,3512,PT28M8S,7260000,1688,28,Full Video,https://i.ytimg.com/vi/zpz0O2hFGYw/hqdefault.jpg
xozQWedEcJc,Will this smoke DYE my DRESS?,29-10-2024,22:41:38Z,71820610,2736251,2536,PT38S,7260000,38,1,Shorts,https://i.ytimg.com/vi/xozQWedEcJc/hqdefault.jpg
KTorl1F9uN4,DRESS TO IMPRESS In Real Life,26-10-2024,13:30:12Z,6884555,84427,5458,PT20M39S,7260000,1239,21,Full Video,https://i.ytimg.com/vi/KTorl1F9uN4/hqdefault.jpg
qlRBxgO4U_I,I Tested 15 UNUSUAL BEAUTY Products,19-10-2024,13:30:36Z,7580731,84616,3687,PT20M40S,7260000,1240,21,Full Video,https://i.ytimg.com/vi/qlRBxgO4U_I/hqdefault.jpg
JUvQIV3PQ1w,I made your favorite candy GIANT,15-10-2024,23:49:14Z,6757773,210294,684,PT34S,7260000,34,1,Shorts,https://i.ytimg.com/vi/JUvQIV3PQ1w/hqdefault.jpg
co5UnLrvEb0,I Created GIANT CANDY that you can ACTUALLY EAT,12-10-2024,13:30:31Z,6526620,65405,5542,PT28M3S,7260000,1683,28,Full Video,https://i.ytimg.com/vi/co5UnLrvEb0/hqdefault.jpg
E0GxLmH0ZbM,Recreating UNREALISTIC PINTEREST Photos NYC,03-10-2024,20:21:49Z,1763160,97274,302,PT55S,7260000,55,1,Shorts,https://i.ytimg.com/vi/E0GxLmH0ZbM/hqdefault.jpg
x6kydcOmOts,ALL the LOST LUGGAGE I have ever bought (Compilation),28-09-2024,15:32:50Z,1426952,29777,1338,PT1H13M39S,7260000,4419,74,Full Video,https://i.ytimg.com/vi/x6kydcOmOts/hqdefault.jpg
x2Sq6aA5AVU,I Bought VINTAGE vs NEW Beauty Products,21-09-2024,13:30:28Z,6476396,63894,3470,PT34M1S,7260000,2041,34,Full Video,https://i.ytimg.com/vi/x2Sq6aA5AVU/hqdefault.jpg
QU_VkUq5juE,I Thrift Shopped the RICHEST CITY vs POOREST CITY,14-09-2024,14:00:31Z,4234788,83979,2638,PT17M45S,7260000,1065,18,Full Video,https://i.ytimg.com/vi/QU_VkUq5juE/hqdefault.jpg
goJXBhbpiZI,I Tested UNREALISTIC Custom Nails,31-08-2024,14:30:27Z,4877261,66890,10384,PT22M24S,7260000,1344,22,Full Video,https://i.ytimg.com/vi/goJXBhbpiZI/hqdefault.jpg
GaSz-hwiopI,#airbnbpartner LIFE-SIZED POLLY POCKET Icon. Thanks to @Airbnb for sponsoring & flying us in!,26-08-2024,18:55:12Z,2459373,77028,289,PT34S,7260000,34,1,Shorts,https://i.ytimg.com/vi/GaSz-hwiopI/hqdefault.jpg
Cs0pnZh723s,Customizing iPhones and Giving them Away! üî¥ LIVE EXPERIENCE üî¥,24-08-2024,00:34:41Z,1362971,16796,6278,PT1H21M5S,7260000,4865,81,Full Video,https://i.ytimg.com/vi/Cs0pnZh723s/hqdefault.jpg
#NAME?,I Shopped at SECRET STORES,17-08-2024,14:30:00Z,3315883,70689,4045,PT20M13S,7260000,1213,20,Full Video,https://i.ytimg.com/vi/-YpaSnU1EDI/hqdefault.jpg
ABRaUlJBcsY,VINTAGE Preppy vs NEW Preppy,03-08-2024,14:30:07Z,6178853,85060,9566,PT27M35S,7260000,1655,28,Full Video,https://i.ytimg.com/vi/ABRaUlJBcsY/hqdefault.jpg
u9Egtt1g3gk,I SHRUNK Everything in my Kitchen,29-07-2024,14:30:17Z,2579464,82085,649,PT39S,7260000,39,1,Shorts,https://i.ytimg.com/vi/u9Egtt1g3gk/hqdefault.jpg
lWPhEDwdPEs,I Bought the World's RAREST Fashion,27-07-2024,14:30:17Z,3033049,75847,3408,PT13M47S,7260000,827,14,Full Video,https://i.ytimg.com/vi/lWPhEDwdPEs/hqdefault.jpg
V3RDqRwkUho,Customizing CROCS & Giving Them Away!  üî¥ LIVE STREAM üî¥,20-07-2024,00:34:57Z,546122,9184,2332,PT1H21M47S,7260000,4907,82,Full Video,https://i.ytimg.com/vi/V3RDqRwkUho/hqdefault.jpg
qN9dL5IMHuA,Styling my 6 WEIRDEST CROCS,15-07-2024,12:45:05Z,5529725,165743,859,PT14S,7260000,14,0,Shorts,https://i.ytimg.com/vi/qN9dL5IMHuA/hqdefault.jpg
pM2RIFs78pY,I Created GIANT BEAUTY PRODUCTS that ACTUALLY WORK,13-07-2024,14:30:17Z,8617057,102834,7807,PT21M11S,7260000,1271,21,Full Video,https://i.ytimg.com/vi/pM2RIFs78pY/hqdefault.jpg
ouBhzqQmheg,I Bought EVERY CROCS,06-07-2024,14:30:30Z,7450064,105518,5841,PT29M59S,7260000,1799,30,Full Video,https://i.ytimg.com/vi/ouBhzqQmheg/hqdefault.jpg
3NiLj-Dt6Qc,Pink hair is BACK üíñ,02-07-2024,14:30:01Z,1382611,63480,1258,PT7S,7260000,7,0,Shorts,https://i.ytimg.com/vi/3NiLj-Dt6Qc/hqdefault.jpg
hLKyJvD3dd0,I Bought TIKTOK SHOP vs TEMU Lost Mail,29-06-2024,14:30:13Z,5843385,94571,4177,PT24M13S,7260000,1453,24,Full Video,https://i.ytimg.com/vi/hLKyJvD3dd0/hqdefault.jpg
VpNq1VmOuvY,Testing Viral Tiktok Art Hacks! üî¥ LIVE STREAM üî¥,22-06-2024,00:13:55Z,1540094,16661,4448,PT1H6M57S,7260000,4017,67,Full Video,https://i.ytimg.com/vi/VpNq1VmOuvY/hqdefault.jpg
Oxq5K1O1Q2A,I went on an UNREALISTIC PINTEREST VACATION (again),15-06-2024,14:30:14Z,7554709,121972,5744,PT25M45S,7260000,1545,26,Full Video,https://i.ytimg.com/vi/Oxq5K1O1Q2A/hqdefault.jpg
lTXFKo2xZlA,I Bought Nostalgic MINI PRODUCTS that Actually Work!,08-06-2024,14:30:16Z,3036501,55884,3324,PT13M12S,7260000,792,13,Full Video,https://i.ytimg.com/vi/lTXFKo2xZlA/hqdefault.jpg
eaHdJfoGnsw,I SHRUNK my MAKEUP,03-06-2024,20:46:14Z,2447859,103590,440,PT36S,7260000,36,1,Shorts,https://i.ytimg.com/vi/eaHdJfoGnsw/hqdefault.jpg
JrPszMN8Bhk,How many DRUNK ELEPHANT Samples = Free Skin Care Smoothie,31-05-2024,13:30:08Z,4320494,131365,451,PT27S,7260000,27,0,Shorts,https://i.ytimg.com/vi/JrPszMN8Bhk/hqdefault.jpg
UEdlmCt4L5M,VINTAGE vs NEW Products from Our Childhood,25-05-2024,14:30:10Z,13001046,189392,15039,PT32M20S,7260000,1940,32,Full Video,https://i.ytimg.com/vi/UEdlmCt4L5M/hqdefault.jpg
FFOg9qbfDAg,How many Makeup SAMPLES = BIG bottle?,17-05-2024,12:30:09Z,16062375,612975,497,PT24S,7260000,24,0,Shorts,https://i.ytimg.com/vi/FFOg9qbfDAg/hqdefault.jpg
D07mZbkOmnw,Opening DISCONTINUED TOYS From Our Childhood! üî¥ Mystery Box LIVE üî¥,15-05-2024,01:17:01Z,2126332,20520,5767,PT1H57M25S,7260000,7045,117,Full Video,https://i.ytimg.com/vi/D07mZbkOmnw/hqdefault.jpg
r9vZItoI7yI,I Tested BEST vs WORST Selling SEPHORA Products,11-05-2024,14:30:18Z,5847994,72828,3868,PT26M6S,7260000,1566,26,Full Video,https://i.ytimg.com/vi/r9vZItoI7yI/hqdefault.jpg
XS93uKqO7Mg,I Found the REAL version of SCAM DRESSES (pt 2),04-05-2024,14:30:11Z,9219251,159590,5999,PT20M43S,7260000,1243,21,Full Video,https://i.ytimg.com/vi/XS93uKqO7Mg/hqdefault.jpg
JKoNitAHHw8,I Bought MINI PRODUCTS that actually work *kitchen edition*,27-04-2024,14:30:06Z,5611925,64590,2451,PT16M18S,7260000,978,16,Full Video,https://i.ytimg.com/vi/JKoNitAHHw8/hqdefault.jpg
71HkDQuoBmY,I Bought LOST LUGGAGE Mystery Boxes! üî¥ LIVE EXPERIENCE üî¥,18-04-2024,00:13:53Z,788794,16676,1236,PT57M21S,7260000,3441,57,Full Video,https://i.ytimg.com/vi/71HkDQuoBmY/hqdefault.jpg
holm2zihw34,I Tested TIKTOK SHOP vs AMAZON identical products,14-04-2024,14:30:19Z,6077517,93565,3540,PT22M49S,7260000,1369,23,Full Video,https://i.ytimg.com/vi/holm2zihw34/hqdefault.jpg
NBx3S7eO1vA,WHAT lipgloss fits in my VIRAL lipgloss phone case??,10-04-2024,18:35:56Z,3337184,130397,1195,PT52S,7260000,52,1,Shorts,https://i.ytimg.com/vi/NBx3S7eO1vA/hqdefault.jpg
yBDteyxM0tk,I Tested UNREAL Treats from the internet,06-04-2024,14:30:16Z,6167515,89567,3013,PT18M39S,7260000,1119,19,Full Video,https://i.ytimg.com/vi/yBDteyxM0tk/hqdefault.jpg
ERc0i9SBIxQ,I Bought VIRAL Aesthetic Products,30-03-2024,14:30:04Z,5699062,115138,3133,PT16M27S,7260000,987,16,Full Video,https://i.ytimg.com/vi/ERc0i9SBIxQ/hqdefault.jpg
OIUQ1mksQ-o,I Tested UNUSUAL Hair Products,23-03-2024,14:30:08Z,4057211,62202,2327,PT18M,7260000,1080,18,Full Video,https://i.ytimg.com/vi/OIUQ1mksQ-o/hqdefault.jpg
F5GRZblVx-g,I Tested 1-Star YouTuber Products,17-03-2024,14:30:04Z,7712426,125377,3948,PT17M44S,7260000,1064,18,Full Video,https://i.ytimg.com/vi/F5GRZblVx-g/hqdefault.jpg
ksGxob33K7s,I Went on UNREALISTIC Pinterest Vacations,09-03-2024,15:30:25Z,12022288,173451,4348,PT22M12S,7260000,1332,22,Full Video,https://i.ytimg.com/vi/ksGxob33K7s/hqdefault.jpg
SLz4VFvd0uU,Customizing UGGS and Giving them Away! üî¥ LIVE EXPERIENCE üî¥,07-03-2024,01:36:56Z,927224,10329,4754,PT1H25M,7260000,5100,85,Full Video,https://i.ytimg.com/vi/SLz4VFvd0uU/hqdefault.jpg
PgNWkXfIN6A,I Tested KYLIE COSMETICS vs SKKN BY KIM,17-02-2024,15:30:10Z,3288710,62766,2028,PT15M41S,7260000,941,16,Full Video,https://i.ytimg.com/vi/PgNWkXfIN6A/hqdefault.jpg
rNtbQfvkxm0,putting Antarctica ICE into a DRINK,13-02-2024,15:30:13Z,17434367,699441,6909,PT37S,7260000,37,1,Shorts,https://i.ytimg.com/vi/rNtbQfvkxm0/hqdefault.jpg
xCmJt44btiw,I Bought MINI BEAUTY PRODUCTS that actually work,03-02-2024,15:30:11Z,7361251,85794,2486,PT10M1S,7260000,601,10,Full Video,https://i.ytimg.com/vi/xCmJt44btiw/hqdefault.jpg
#NAME?,I Bought SATISFYING Viral TikTok Products,27-01-2024,15:30:00Z,4945894,80606,2612,PT12M2S,7260000,722,12,Full Video,https://i.ytimg.com/vi/-FGsUHtikbk/hqdefault.jpg
0bTxLaKXkj4,I Bought the SAME Products from TIKTOK SHOP vs AMAZON *not sponsored*,13-01-2024,15:49:37Z,5019712,105308,3117,PT15M2S,7260000,902,15,Full Video,https://i.ytimg.com/vi/0bTxLaKXkj4/hqdefault.jpg
g-EmQyQz6ps,Customizing Apple Products and Giving them Away! üî¥ LIVE EXPERIENCE üî¥,03-01-2024,02:11:09Z,1694044,17874,4335,PT2H1M12S,7260000,7272,121,Full Video,https://i.ytimg.com/vi/g-EmQyQz6ps/hqdefault.jpg
b5Jvs2B-UeA,I Bought EVERY American Girl Doll EVER (1986 - 2024),30-12-2023,14:30:17Z,10404170,158445,17718,PT33M18S,7260000,1998,33,Full Video,https://i.ytimg.com/vi/b5Jvs2B-UeA/hqdefault.jpg
0Iwi1Tm9ArQ,3 MOST CURSED Outfits in my Closet,24-12-2023,16:00:01Z,4702956,145586,655,PT25S,7260000,25,0,Shorts,https://i.ytimg.com/vi/0Iwi1Tm9ArQ/hqdefault.jpg
OLvRv-poMtA,I Bought 100 UNCLAIMED MAIL PACKAGES,17-12-2023,16:00:12Z,9514549,155644,7016,PT22M10S,7260000,1330,22,Full Video,https://i.ytimg.com/vi/OLvRv-poMtA/hqdefault.jpg
qQ8glsAuty0,I Bought DISCONTINUED Products from our CHILDHOOD (again),09-12-2023,15:30:10Z,9761274,123447,7859,PT19M42S,7260000,1182,20,Full Video,https://i.ytimg.com/vi/qQ8glsAuty0/hqdefault.jpg
oJEdK7X4Bxg,I Bought UNUSUAL Beauty Products,26-11-2023,15:30:11Z,5381293,73514,3384,PT16M47S,7260000,1007,17,Full Video,https://i.ytimg.com/vi/oJEdK7X4Bxg/hqdefault.jpg
RLVjhKxNVrQ,Melting ULTRA Realistic VIRAL TikTok Candles,04-11-2023,14:30:07Z,1926669,33604,1562,PT14M5S,7260000,845,14,Full Video,https://i.ytimg.com/vi/RLVjhKxNVrQ/hqdefault.jpg
WkcU4767bVg,I Bought EVERY KYLIE X BRATZ Doll üî¥ LIVE EXPERIENCE üî¥,28-10-2023,00:34:04Z,561151,9963,2596,PT56M12S,7260000,3372,56,Full Video,https://i.ytimg.com/vi/WkcU4767bVg/hqdefault.jpg
xpQslI2XIzg,4 Halloween Costume Options,26-10-2023,14:30:30Z,68137115,812126,1877,PT14S,7260000,14,0,Shorts,https://i.ytimg.com/vi/xpQslI2XIzg/hqdefault.jpg
Pd8lY_CeL_c,I Bought 250 MYSTERY Costumes for CHEAP,21-10-2023,14:30:07Z,2794889,63541,2393,PT13M30S,7260000,810,14,Full Video,https://i.ytimg.com/vi/Pd8lY_CeL_c/hqdefault.jpg
g4UgMi5sqgo,FAILED and FORGOTTEN PRODUCTS of Disney Channel Stars,07-10-2023,15:00:37Z,7355203,113101,4773,PT20M4S,7260000,1204,20,Full Video,https://i.ytimg.com/vi/g4UgMi5sqgo/hqdefault.jpg
kVOYKKDudKs,Baking a Realistic CAKE üî¥ LIVE EXPERIENCE üî¥,30-09-2023,01:33:11Z,911374,10994,2151,PT1H24M11S,7260000,5051,84,Full Video,https://i.ytimg.com/vi/kVOYKKDudKs/hqdefault.jpg
l52SsWp2B9c,I DYED MY HAIR PINK,26-09-2023,14:00:36Z,3226447,181338,2864,PT27S,7260000,27,0,Shorts,https://i.ytimg.com/vi/l52SsWp2B9c/hqdefault.jpg
VmrOxpNjJoA,I Actually Bought 100 Tiktok Shop Products,24-09-2023,14:30:17Z,10155760,127959,4574,PT28M15S,7260000,1695,28,Full Video,https://i.ytimg.com/vi/VmrOxpNjJoA/hqdefault.jpg
inCrmz5-u1k,I Bought the Internet's MOST ADORABLE Products,09-09-2023,14:30:26Z,10659027,166387,6213,PT13M21S,7260000,801,13,Full Video,https://i.ytimg.com/vi/inCrmz5-u1k/hqdefault.jpg
cZEp5zeX-Lc,I Bought Discontinued BEAUTY Products from our CHILDHOOD,27-08-2023,14:30:12Z,6564397,81433,3902,PT16M33S,7260000,993,17,Full Video,https://i.ytimg.com/vi/cZEp5zeX-Lc/hqdefault.jpg
kTkGjZv4kZU,3 CURSED Hair Tools that shouldn‚Äôt exist,23-08-2023,18:51:23Z,6492741,279218,831,PT1M,7260000,60,1,Shorts,https://i.ytimg.com/vi/kTkGjZv4kZU/hqdefault.jpg
SUQV5FevGDU,Testing Viral Tiktok Art Hacks üî¥ LIVE EXPERIENCE üî¥,16-08-2023,20:12:36Z,1396933,17449,4535,PT1H5M1S,7260000,3901,65,Full Video,https://i.ytimg.com/vi/SUQV5FevGDU/hqdefault.jpg
nY6R3yB9EvE,I Bought Tiktok‚Äôs RAREST Products,06-08-2023,14:30:26Z,11384862,156097,5316,PT15M19S,7260000,919,15,Full Video,https://i.ytimg.com/vi/nY6R3yB9EvE/hqdefault.jpg
_CxG-9LMVTc,"$1 vs $1,000 Curling Iron!",29-07-2023,14:30:20Z,7419069,120554,5837,PT18M32S,7260000,1112,19,Full Video,https://i.ytimg.com/vi/_CxG-9LMVTc/hqdefault.jpg
RdaXdkYW74I,EVERY Barbie Dreamhouse TV! (1962-2023),22-07-2023,14:00:23Z,6916889,382785,868,PT42S,7260000,42,1,Shorts,https://i.ytimg.com/vi/RdaXdkYW74I/hqdefault.jpg
3gCoJ5rU-4o,I Bought Discontinued Barbies From Our Childhood üî¥ LIVE EXPERIENCE üî¥,20-07-2023,00:27:00Z,2124079,29431,5332,PT1H10M48S,7260000,4248,71,Full Video,https://i.ytimg.com/vi/3gCoJ5rU-4o/hqdefault.jpg
bj9MtssfkgM,I Bought Every Barbie Dreamhouse EVER,15-07-2023,14:30:09Z,20493662,304355,24669,PT22M17S,7260000,1337,22,Full Video,https://i.ytimg.com/vi/bj9MtssfkgM/hqdefault.jpg
C_Jfd3iLcas,I Bought EVERY Barbie Movie outfit,11-07-2023,17:04:00Z,3235150,113006,620,PT7S,7260000,7,0,Shorts,https://i.ytimg.com/vi/C_Jfd3iLcas/hqdefault.jpg
zbrdN7QaWMc,I Bought UNREALISTIC Instagram Products,08-07-2023,14:30:21Z,6050787,113731,2524,PT10M26S,7260000,626,10,Full Video,https://i.ytimg.com/vi/zbrdN7QaWMc/hqdefault.jpg
yrEqz782KpY,I Made my BARBIE Dream Shoes,03-07-2023,20:45:46Z,10054600,718017,2385,PT49S,7260000,49,1,Shorts,https://i.ytimg.com/vi/yrEqz782KpY/hqdefault.jpg
x62UnYWXHBE,I Bought LOST TEMU PACKAGES for CHEAP,24-06-2023,14:30:14Z,12655504,166574,10246,PT22M6S,7260000,1326,22,Full Video,https://i.ytimg.com/vi/x62UnYWXHBE/hqdefault.jpg
LCmAN0n3WCY,Opening a 100 lb MYSTERY Bale of Clothes! üî¥ LIVE EXPERIENCE üî¥,17-06-2023,00:10:42Z,1349686,24258,3023,PT58M27S,7260000,3507,58,Full Video,https://i.ytimg.com/vi/LCmAN0n3WCY/hqdefault.jpg
cwcdGBmqd5E,I Bought SATISFYING VIRAL Tiktok BEAUTY Products,10-06-2023,14:30:08Z,16207540,130484,5792,PT14M32S,7260000,872,15,Full Video,https://i.ytimg.com/vi/cwcdGBmqd5E/hqdefault.jpg
bg9iwoQyza8,I Bought UNREALISTIC Pinterest WEDDING DRESSES for CHEAP,03-06-2023,14:30:16Z,7074038,132082,4048,PT11M49S,7260000,709,12,Full Video,https://i.ytimg.com/vi/bg9iwoQyza8/hqdefault.jpg
hooLoBuDrxQ,I bought a POPCORN CLOTHES collection!,28-05-2023,14:00:23Z,28411101,977512,3496,PT47S,7260000,47,1,Shorts,https://i.ytimg.com/vi/hooLoBuDrxQ/hqdefault.jpg
BbnbMgATaOQ,Customizing CHANEL BAGS and GIVING them AWAY! üî¥ LIVE EXPERIENCE üî¥,25-05-2023,01:13:27Z,719980,14638,3797,PT1H3M1S,7260000,3781,63,Full Video,https://i.ytimg.com/vi/BbnbMgATaOQ/hqdefault.jpg
bShEDrieGDU,I Bought DISCONTINUED Products from Our Childhood,20-05-2023,14:30:16Z,22134538,306968,17637,PT17M41S,7260000,1061,18,Full Video,https://i.ytimg.com/vi/bShEDrieGDU/hqdefault.jpg
Z5XeylD-1rE,I Bought Fashion from the FUTURE,14-05-2023,14:30:08Z,4962515,86301,2498,PT12M53S,7260000,773,13,Full Video,https://i.ytimg.com/vi/Z5XeylD-1rE/hqdefault.jpg
DQIltT5bIBc,I MADE 4 Iconic CELEBRITY DRESSES for CHEAP,30-04-2023,14:15:00Z,3943592,83938,3468,PT11M3S,7260000,663,11,Full Video,https://i.ytimg.com/vi/DQIltT5bIBc/hqdefault.jpg
wjC-_ZILekw,Opening LOST MAIL Packages üî¥ LIVE EXPERIENCE üî¥,27-04-2023,01:25:30Z,2582884,30508,5068,PT1H5M15S,7260000,3915,65,Full Video,https://i.ytimg.com/vi/wjC-_ZILekw/hqdefault.jpg
ITKUxsmLd1M,I Bought the REAL VERSION of SCAM DRESSES,22-04-2023,14:30:04Z,7464839,147496,4494,PT11M15S,7260000,675,11,Full Video,https://i.ytimg.com/vi/ITKUxsmLd1M/hqdefault.jpg
wIdLZCSXXBA,I made a Sunset Ombr√© WEDDING DRESS,16-04-2023,13:45:05Z,7851292,383378,1656,PT30S,7260000,30,0,Shorts,https://i.ytimg.com/vi/wIdLZCSXXBA/hqdefault.jpg
buKcergt4dA,I Bought UNREALISTIC Beauty Products,02-04-2023,14:15:02Z,15081592,157399,5694,PT19M7S,7260000,1147,19,Full Video,https://i.ytimg.com/vi/buKcergt4dA/hqdefault.jpg
MvmlDEpe7hE,I made LAVA LAMP SHOES,17-03-2023,13:30:15Z,29902369,1321539,2021,PT29S,7260000,29,0,Shorts,https://i.ytimg.com/vi/MvmlDEpe7hE/hqdefault.jpg
GJF7DCuUA8M,Testing TikTok Art Hacks! üî¥ LIVE STREAM üî¥,16-03-2023,02:37:27Z,1587947,15056,3677,PT1H17M30S,7260000,4650,78,Full Video,https://i.ytimg.com/vi/GJF7DCuUA8M/hqdefault.jpg
t0lCe1qQJtk,I Bought VIRAL TIKTOK Products from our Childhood,12-03-2023,14:30:13Z,12576506,131237,8472,PT14M57S,7260000,897,15,Full Video,https://i.ytimg.com/vi/t0lCe1qQJtk/hqdefault.jpg
A2pKIwGQmLY,The World's Biggest MINI Collection,05-03-2023,15:30:02Z,5196312,60247,2660,PT9M32S,7260000,572,10,Full Video,https://i.ytimg.com/vi/A2pKIwGQmLY/hqdefault.jpg
jOe_xY5-DII,I Bought UNREALISTIC Pinterest Products,26-02-2023,14:45:04Z,8770757,161726,4029,PT13M1S,7260000,781,13,Full Video,https://i.ytimg.com/vi/jOe_xY5-DII/hqdefault.jpg
7c6F1jic8oU,Rating 10 POPULAR YouTuber Brands,18-02-2023,14:30:01Z,7143230,237155,5069,PT20M2S,7260000,1202,20,Full Video,https://i.ytimg.com/vi/7c6F1jic8oU/hqdefault.jpg
8IdCf9tRr6s,I Bought SATISFYING Viral TikTok Products,04-02-2023,14:30:03Z,9541365,105848,4388,PT10M23S,7260000,623,10,Full Video,https://i.ytimg.com/vi/8IdCf9tRr6s/hqdefault.jpg
5Im8ZjOpEmc,this dress is MAGIC,03-02-2023,20:48:08Z,7249746,189282,1844,PT13S,7260000,13,0,Shorts,https://i.ytimg.com/vi/5Im8ZjOpEmc/hqdefault.jpg
BhP3nG16j7w,I Bought 200 LOST MAIL Packages,29-01-2023,15:30:02Z,7991926,136630,8064,PT12M53S,7260000,773,13,Full Video,https://i.ytimg.com/vi/BhP3nG16j7w/hqdefault.jpg
PkjfvC686UY,Will POP ROCKS turn into cotton candy?! *disaster*,24-01-2023,13:00:12Z,3008874,111867,388,PT28S,7260000,28,0,Shorts,https://i.ytimg.com/vi/PkjfvC686UY/hqdefault.jpg
LGpnuyHejA0,Customizing Sneakers and Giving them Away! üî¥ LIVE STREAM üî¥,21-01-2023,20:53:38Z,1655854,12350,3423,PT1H33M7S,7260000,5587,93,Full Video,https://i.ytimg.com/vi/LGpnuyHejA0/hqdefault.jpg
zk3Hs6HgXVk,Will it COTTON CANDY?! Carmel Apple Pop Edition,20-01-2023,22:58:34Z,2395207,126536,1744,PT36S,7260000,36,1,Shorts,https://i.ytimg.com/vi/zk3Hs6HgXVk/hqdefault.jpg
hf8uS5meTW0,I Bought VIRAL TikTok Candy,14-01-2023,15:30:09Z,11722225,128791,4776,PT13M51S,7260000,831,14,Full Video,https://i.ytimg.com/vi/hf8uS5meTW0/hqdefault.jpg
aOPYP4F-rPc,I put A FISH in my CLEAR SHOES,13-01-2023,15:00:01Z,50224206,1823283,22280,PT32S,7260000,32,1,Shorts,https://i.ytimg.com/vi/aOPYP4F-rPc/hqdefault.jpg
5C0ERMO1ocw,I made ORBEEZ SHOES,08-01-2023,15:30:00Z,32209083,968486,13010,PT40S,7260000,40,1,Shorts,https://i.ytimg.com/vi/5C0ERMO1ocw/hqdefault.jpg
_3Wah0P7uBM,"I Spent $10,000 on an LUXURY ABANDONED STORAGE UNIT",01-01-2023,15:30:04Z,9297548,131121,5626,PT17M11S,7260000,1031,17,Full Video,https://i.ytimg.com/vi/_3Wah0P7uBM/hqdefault.jpg
7uhafzrZUg4,I MADE A SPRAY ON DRESS üçú üëó,28-12-2022,14:00:07Z,18468012,303832,612,PT32S,7260000,32,1,Shorts,https://i.ytimg.com/vi/7uhafzrZUg4/hqdefault.jpg
cpP8eo6Anok,I Bought Shoe RETURNS for CHEAP üî¥ LIVE STREAM üî¥,23-12-2022,19:55:02Z,548789,13065,2407,PT34M43S,7260000,2083,35,Full Video,https://i.ytimg.com/vi/cpP8eo6Anok/hqdefault.jpg
Y28yGTbIpWg,Choosing my Christmas outfit üéÑ,21-12-2022,14:00:31Z,2821413,109717,1037,PT16S,7260000,16,0,Shorts,https://i.ytimg.com/vi/Y28yGTbIpWg/hqdefault.jpg
9ngrFkXbahw,I Bought UNREALISTIC PINTEREST Accessories,17-12-2022,15:30:01Z,9955167,142522,3958,PT12M4S,7260000,724,12,Full Video,https://i.ytimg.com/vi/9ngrFkXbahw/hqdefault.jpg
cre3txKUP7g,I Bought a LIGHT UP Wardrobe,10-12-2022,15:30:09Z,4059285,105986,4085,PT9M40S,7260000,580,10,Full Video,https://i.ytimg.com/vi/cre3txKUP7g/hqdefault.jpg
EF0f0QSu7ls,I CANT CHOOSE A STREAMY AWARDS OUTFIT üì∏ üçøüëó,04-12-2022,23:25:56Z,3217664,131589,2343,PT25S,7260000,25,0,Shorts,https://i.ytimg.com/vi/EF0f0QSu7ls/hqdefault.jpg
eWjz8_KMll4,I Bought the most SATISFYING Viral Tiktok Products,03-12-2022,15:30:10Z,15499449,177559,5041,PT13M20S,7260000,800,13,Full Video,https://i.ytimg.com/vi/eWjz8_KMll4/hqdefault.jpg
#NAME?,Transforming my DIOR bag with CRYSTALS,01-12-2022,17:47:44Z,7590589,378628,967,PT43S,7260000,43,1,Shorts,https://i.ytimg.com/vi/-LpivVV7n5E/hqdefault.jpg
7ezRFn1MbrE,I Bought MINI PRODUCTS that Actually Work + a MINI HOUSE,26-11-2022,15:30:04Z,8516787,125043,4451,PT12M11S,7260000,731,12,Full Video,https://i.ytimg.com/vi/7ezRFn1MbrE/hqdefault.jpg
tiOpVLMkPis,I Bought CRIME EVIDENCE Packages for CHEAP,20-11-2022,15:30:17Z,3854002,78466,2971,PT13M32S,7260000,812,14,Full Video,https://i.ytimg.com/vi/tiOpVLMkPis/hqdefault.jpg
ATmWaLuQq64,I‚Äôm the problem it‚Äôs me‚Ä¶ #shorts #tsantiherochallenge,16-11-2022,15:00:06Z,2794858,97167,656,PT7S,7260000,7,0,Shorts,https://i.ytimg.com/vi/ATmWaLuQq64/hqdefault.jpg
dz8FuFGwlGM,Is my DESIGNER bag REAL or FAKE??,13-11-2022,19:37:07Z,6749970,348157,658,PT33S,7260000,33,1,Shorts,https://i.ytimg.com/vi/dz8FuFGwlGM/hqdefault.jpg
rcfwHLXefMs,I Got 13 DESIGNER Wedding Dresses for FREE / GIVING THEM AWAY  üî¥ LIVE STREAM üî¥,13-11-2022,01:58:20Z,763164,18403,2386,PT45M3S,7260000,2703,45,Full Video,https://i.ytimg.com/vi/rcfwHLXefMs/hqdefault.jpg
1dhmD8YQ5i4,RUTHLESS REVIEW of SKIMS Dresses,05-11-2022,14:30:00Z,4357393,85518,3089,PT9M32S,7260000,572,10,Full Video,https://i.ytimg.com/vi/1dhmD8YQ5i4/hqdefault.jpg
iqh4RVCR6vc,"I Bought from Amazon ""Luxury""",29-10-2022,14:30:08Z,3184796,90918,8848,PT11M45S,7260000,705,12,Full Video,https://i.ytimg.com/vi/iqh4RVCR6vc/hqdefault.jpg
RZMfGGS_EhU,I Bought Unrealistic Pinterest Outfits for CHEAP,22-10-2022,14:30:10Z,7648666,145008,3437,PT11M36S,7260000,696,12,Full Video,https://i.ytimg.com/vi/RZMfGGS_EhU/hqdefault.jpg
pHmgogFU7XM,Customizing an HERMES Bag & GIVING IT AWAY! üî¥ LIVE STREAM üî¥,20-10-2022,01:34:38Z,541299,9462,1208,PT1H23M27S,7260000,5007,83,Full Video,https://i.ytimg.com/vi/pHmgogFU7XM/hqdefault.jpg
_sg9D-j9pgg,I Bought the 10 most VIRAL Tiktok Products,16-10-2022,14:30:07Z,8952819,131954,5778,PT11M11S,7260000,671,11,Full Video,https://i.ytimg.com/vi/_sg9D-j9pgg/hqdefault.jpg
R4N2U76nct4,I Bought Celebrity Wedding Dress Remakes for CHEAP,09-10-2022,14:30:05Z,3537700,79980,2732,PT10M26S,7260000,626,10,Full Video,https://i.ytimg.com/vi/R4N2U76nct4/hqdefault.jpg
ZzLECZS2taQ,Rating YOUTUBER's Products,24-09-2022,14:30:13Z,4265021,77455,4819,PT12M30S,7260000,750,12,Full Video,https://i.ytimg.com/vi/ZzLECZS2taQ/hqdefault.jpg
Qw5r_pJvP0Q,I Bought Custom VIRAL Tiktok Dresses,18-09-2022,14:30:04Z,7442585,133925,3554,PT9M1S,7260000,541,9,Full Video,https://i.ytimg.com/vi/Qw5r_pJvP0Q/hqdefault.jpg
5ySYGZztn4w,I Bought MINI PRODUCTS that Actually Work,11-09-2022,14:30:01Z,8638322,113766,5669,PT9M30S,7260000,570,10,Full Video,https://i.ytimg.com/vi/5ySYGZztn4w/hqdefault.jpg
9zwciSGkr5U,I Bought Unrealistic Pinterest Dresses for CHEAP,04-09-2022,15:30:01Z,5499603,119764,4032,PT10M20S,7260000,620,10,Full Video,https://i.ytimg.com/vi/9zwciSGkr5U/hqdefault.jpg
IrfSrjlxWts,I Shopped Kim Kardashian‚Äôs Closet for YOU üî¥ LIVE STREAM üî¥,01-09-2022,00:50:17Z,666521,20457,2849,PT46M25S,7260000,2785,46,Full Video,https://i.ytimg.com/vi/IrfSrjlxWts/hqdefault.jpg
OTxX5Zhf9vw,I Opened a $0.01 Yard Sale of LOST CARGO,28-08-2022,15:30:04Z,4684893,95493,6406,PT8M54S,7260000,534,9,Full Video,https://i.ytimg.com/vi/OTxX5Zhf9vw/hqdefault.jpg
OwgGfsV11Lk,I Bought LOST CARGO and RETURNED it to the Owner,25-08-2022,15:30:11Z,4423589,241364,597,PT54S,7260000,54,1,Shorts,https://i.ytimg.com/vi/OwgGfsV11Lk/hqdefault.jpg
UsakMDj9FOs,I Bought a TRUCKLOAD of LOST CARGO Packages,21-08-2022,15:30:05Z,12467912,181206,8949,PT14M38S,7260000,878,15,Full Video,https://i.ytimg.com/vi/UsakMDj9FOs/hqdefault.jpg
8j-FzxIJkkY,I Bought the 5 Most VIRAL Tiktok Products,06-08-2022,13:30:02Z,8864491,129597,4816,PT10M40S,7260000,640,11,Full Video,https://i.ytimg.com/vi/8j-FzxIJkkY/hqdefault.jpg
S2IHryorBTM,I Survived in the World‚Äôs LONGEST HAIR EXTENSIONS,23-07-2022,14:30:06Z,5258567,70769,3661,PT13M5S,7260000,785,13,Full Video,https://i.ytimg.com/vi/S2IHryorBTM/hqdefault.jpg
14_-LgigVWg,I Surprised Brides with their DREAM Wedding Dress *unlimited budget*,10-07-2022,14:30:00Z,9613217,211636,6476,PT23M21S,7260000,1401,23,Full Video,https://i.ytimg.com/vi/14_-LgigVWg/hqdefault.jpg
v5aHcu19wio,I Bought LOST LUGGAGE and RETURNED IT to the Owner + ft Safiya Nygaard,26-06-2022,01:03:55Z,3481293,101604,4656,PT13M48S,7260000,828,14,Full Video,https://i.ytimg.com/vi/v5aHcu19wio/hqdefault.jpg
oh-FZ4QCJy0,I Shopped at Amazon‚Äôs FIRST STORE for CHEAP,11-06-2022,14:30:17Z,4356691,121726,9148,PT9M21S,7260000,561,9,Full Video,https://i.ytimg.com/vi/oh-FZ4QCJy0/hqdefault.jpg
dBdAJl1Lwg4,I Ordered the 5 most VIRAL Tiktok Products,28-05-2022,14:45:02Z,6925253,122030,2754,PT8M5S,7260000,485,8,Full Video,https://i.ytimg.com/vi/dBdAJl1Lwg4/hqdefault.jpg
EKqrMtjAvQs,Rating ‚ÄúCelebrity‚Äù Brands,21-05-2022,15:30:05Z,5751972,91903,3341,PT15M36S,7260000,936,16,Full Video,https://i.ytimg.com/vi/EKqrMtjAvQs/hqdefault.jpg
LdGvFaMo2GU,I Bought Salvaged RETURNS for CHEAP,14-05-2022,14:30:03Z,3767172,76029,2186,PT12M8S,7260000,728,12,Full Video,https://i.ytimg.com/vi/LdGvFaMo2GU/hqdefault.jpg
MU-qNd44_V4,Customizing a Louis Vuitton Bag and GIVING IT AWAY! üî¥ LIVE STREAM üî¥,06-05-2022,00:26:12Z,2144442,17661,1755,PT1H56M3S,7260000,6963,116,Full Video,https://i.ytimg.com/vi/MU-qNd44_V4/hqdefault.jpg
OAZ5UnXLJmw,I Bought the CHEAPEST WEDDING DRESSES Online,30-04-2022,14:30:02Z,3330488,70141,2346,PT10M36S,7260000,636,11,Full Video,https://i.ytimg.com/vi/OAZ5UnXLJmw/hqdefault.jpg
JSzO66Ld-ac,"Making Kardashian $7,000 Swarovski Crystal Boots for CHEAP",28-04-2022,19:37:27Z,46694856,2598356,5347,PT53S,7260000,53,1,Shorts,https://i.ytimg.com/vi/JSzO66Ld-ac/hqdefault.jpg
5W-n9wGenGQ,RUTHLESS REVIEW of YITTY by LIZZO Shapewear (aka fabletics),23-04-2022,14:00:04Z,3555904,84430,3058,PT10M27S,7260000,627,10,Full Video,https://i.ytimg.com/vi/5W-n9wGenGQ/hqdefault.jpg
jKcSlYwAPgg,I Bought NORDSTROM RETURNS for CHEAP,09-04-2022,15:30:05Z,4531219,115188,10757,PT12M33S,7260000,753,13,Full Video,https://i.ytimg.com/vi/jKcSlYwAPgg/hqdefault.jpg
NEE4jUY3Vvs,Rating ‚ÄúYouTuber‚Äù Brands,03-04-2022,15:30:04Z,8016021,124961,3811,PT18M31S,7260000,1111,19,Full Video,https://i.ytimg.com/vi/NEE4jUY3Vvs/hqdefault.jpg
a_q76k2iQzA,RUTHLESS REVIEW of Skims Swim,27-03-2022,16:30:02Z,4722813,104302,9148,PT8M44S,7260000,524,9,Full Video,https://i.ytimg.com/vi/a_q76k2iQzA/hqdefault.jpg
UrbkoZZF_IY,I Bought 100 LOST MAIL Packages,19-03-2022,15:30:07Z,10746604,164631,5205,PT18M33S,7260000,1113,19,Full Video,https://i.ytimg.com/vi/UrbkoZZF_IY/hqdefault.jpg
TlkGUad2eWs,I Tested the 5 most VIRAL Tiktok Products,05-03-2022,16:30:34Z,7299858,103033,2734,PT12M26S,7260000,746,12,Full Video,https://i.ytimg.com/vi/TlkGUad2eWs/hqdefault.jpg
ffxo1v5-ZTc,I Won 7 WEDDING DRESSES at an Auction,20-02-2022,17:00:34Z,2851506,60882,2406,PT9M8S,7260000,548,9,Full Video,https://i.ytimg.com/vi/ffxo1v5-ZTc/hqdefault.jpg
0eYbzHQbt5s,I Bought USED TV Show Costumes for CHEAP at THIS STORE,13-02-2022,16:30:01Z,3848717,93863,1955,PT10M35S,7260000,635,11,Full Video,https://i.ytimg.com/vi/0eYbzHQbt5s/hqdefault.jpg
ofqkKDH_LKM,The FAILED and FORGOTTEN Brands of the KARDASHIANS,04-02-2022,16:30:01Z,5738380,86459,2625,PT19M47S,7260000,1187,20,Full Video,https://i.ytimg.com/vi/ofqkKDH_LKM/hqdefault.jpg
KoO3iQZ15SU,I Bought VIRAL Tiktok Dresses,27-01-2022,17:30:01Z,5622095,114930,2403,PT9M5S,7260000,545,9,Full Video,https://i.ytimg.com/vi/KoO3iQZ15SU/hqdefault.jpg
Cg_TkQkfJEA,"I Lost $7,000 on Fake Luxury Items.. or did I?",23-01-2022,16:30:05Z,5593526,130007,3518,PT7M34S,7260000,454,8,Full Video,https://i.ytimg.com/vi/Cg_TkQkfJEA/hqdefault.jpg
KDdfv56T16s,"I Spent $7,000 on LOST CARGO Packages",13-01-2022,16:30:01Z,14969098,256051,11388,PT17M35S,7260000,1055,18,Full Video,https://i.ytimg.com/vi/KDdfv56T16s/hqdefault.jpg
4lalUfDw3S0,I Bought Brands that STOLE my Videos for Ads,07-01-2022,16:45:01Z,4169957,80102,1793,PT9M51S,7260000,591,10,Full Video,https://i.ytimg.com/vi/4lalUfDw3S0/hqdefault.jpg
Ke68Oux8jLg,Everything I KEPT from LOST CARGO üî¥ LIVE STREAM üî¥,31-12-2021,03:17:34Z,1291682,21145,1803,PT1H5M8S,7260000,3908,65,Full Video,https://i.ytimg.com/vi/Ke68Oux8jLg/hqdefault.jpg
AXv4Y87ocLY,I Bought LOST Cargo Packages for CHEAP,23-12-2021,16:31:04Z,10206372,245286,6826,PT14M36S,7260000,876,15,Full Video,https://i.ytimg.com/vi/AXv4Y87ocLY/hqdefault.jpg
aOI06ahysik,I Bought my Favorite MOVIE DRESSES,16-12-2021,17:08:08Z,2202214,63953,2589,PT10M25S,7260000,625,10,Full Video,https://i.ytimg.com/vi/aOI06ahysik/hqdefault.jpg
L6b39RKU5fM,I Bought USED Kardashian Clothes & Recreated THEIR Photos,12-12-2021,16:30:35Z,3613002,85910,2620,PT8M20S,7260000,500,8,Full Video,https://i.ytimg.com/vi/L6b39RKU5fM/hqdefault.jpg
jBn0yaZDJiM,I Bought ACTIVEWEAR Returns for CHEAP,05-12-2021,16:29:47Z,1048108,30260,1889,PT8M10S,7260000,490,8,Full Video,https://i.ytimg.com/vi/jBn0yaZDJiM/hqdefault.jpg
IBZwxcynHMQ,I Bought Tiktok‚Äôs WORST Fashion FAILS,01-12-2021,16:30:02Z,4831893,82998,1502,PT8M34S,7260000,514,9,Full Video,https://i.ytimg.com/vi/IBZwxcynHMQ/hqdefault.jpg
S_SYidbU6AQ,RUTHLESS REVIEW of Skims X Fendi,25-11-2021,17:00:02Z,3494862,78573,3602,PT9M40S,7260000,580,10,Full Video,https://i.ytimg.com/vi/S_SYidbU6AQ/hqdefault.jpg
3IozwMqWELI,Black Friday Sales Shopping Guide üî¥ LIVE STREAM üî¥,20-11-2021,19:28:04Z,602116,6618,477,PT1H22M1S,7260000,4921,82,Full Video,https://i.ytimg.com/vi/3IozwMqWELI/hqdefault.jpg
9Tq2xbgsGkM,I Bought PROM DRESS RETURNS for CHEAP,18-11-2021,16:30:17Z,3692040,85651,2908,PT10M20S,7260000,620,10,Full Video,https://i.ytimg.com/vi/9Tq2xbgsGkM/hqdefault.jpg
5xkYEzf6Voo,I Bought BACK my OWN LOST LUGGAGE,11-11-2021,16:30:02Z,5873024,98804,13757,PT7M3S,7260000,423,7,Full Video,https://i.ytimg.com/vi/5xkYEzf6Voo/hqdefault.jpg
Ih8oKtEj5QU,I Bought the 5 most VIRAL Tiktok Products,03-11-2021,15:30:02Z,8295964,176256,5403,PT9M50S,7260000,590,10,Full Video,https://i.ytimg.com/vi/Ih8oKtEj5QU/hqdefault.jpg
386kjSfv3xY,I Bought Iconic MOVIE DRESSES,28-10-2021,15:30:03Z,2839317,77130,7116,PT11M9S,7260000,669,11,Full Video,https://i.ytimg.com/vi/386kjSfv3xY/hqdefault.jpg
z7ntwEVSESQ,Pursue X Hope Review / Launch Party! üî¥ LIVE STREAM üî¥,23-10-2021,19:04:50Z,355241,6905,781,PT53M,7260000,3180,53,Full Video,https://i.ytimg.com/vi/z7ntwEVSESQ/hqdefault.jpg
tB1kJ1FwyA4,"I Spent $2,000 on DIGITAL FASHION from the FUTURE",21-10-2021,15:00:33Z,2434012,48401,1772,PT10M36S,7260000,636,11,Full Video,https://i.ytimg.com/vi/tB1kJ1FwyA4/hqdefault.jpg
QKkPYt4BHZI,I Bought WEDDING DRESS Returns for CHEAP,14-10-2021,14:30:05Z,4522047,85773,3508,PT10M46S,7260000,646,11,Full Video,https://i.ytimg.com/vi/QKkPYt4BHZI/hqdefault.jpg
fF4SNYOwHgs,RUTHLESS REVIEW of Kylie Swim‚Ä¶ *a disaster*,06-10-2021,15:00:15Z,5490240,125068,3715,PT9M37S,7260000,577,10,Full Video,https://i.ytimg.com/vi/fF4SNYOwHgs/hqdefault.jpg
VIszvLZem7o,I Bought FAMOUS MOVIE DRESSES,22-09-2021,16:00:31Z,2826315,63036,2167,PT9M21S,7260000,561,9,Full Video,https://i.ytimg.com/vi/VIszvLZem7o/hqdefault.jpg
txFSCmWXC6E,RUTHLESS Review of Gymshark X Whitney Simmons V3 / MEDIUM Size,15-09-2021,14:30:07Z,554165,17621,1945,PT12M46S,7260000,766,13,Full Video,https://i.ytimg.com/vi/txFSCmWXC6E/hqdefault.jpg
R5aeFhrwkVY,I Bought ‚ÄúYouTuber‚Äù Products,12-09-2021,16:00:01Z,4335664,62410,3065,PT20M58S,7260000,1258,21,Full Video,https://i.ytimg.com/vi/R5aeFhrwkVY/hqdefault.jpg
53m4nZFH6eU,"Getting Rid of My $100,000 Legging Collection..",29-08-2021,15:30:02Z,1020359,30405,2624,PT12M23S,7260000,743,12,Full Video,https://i.ytimg.com/vi/53m4nZFH6eU/hqdefault.jpg
mjaDmPhgKVk,"RUTHLESS Review of Gymshark - Butterfly, Fleck, and Vital 2.0",22-08-2021,16:30:04Z,690744,19363,2643,PT12M46S,7260000,766,13,Full Video,https://i.ytimg.com/vi/mjaDmPhgKVk/hqdefault.jpg
gkyh34yD8Tg,I Bought the WORST Selling Fashion Nova Items... again,15-08-2021,16:00:02Z,2974734,53100,1275,PT8M53S,7260000,533,9,Full Video,https://i.ytimg.com/vi/gkyh34yD8Tg/hqdefault.jpg
rFpNhSlTRLo,I Bought USED Christine Quinn Clothes! Recreating Selling Sunset Looks,08-08-2021,15:30:01Z,1715201,36248,1100,PT8M8S,7260000,488,8,Full Video,https://i.ytimg.com/vi/rFpNhSlTRLo/hqdefault.jpg
TeP03n_4Hq0,Lululemon Reselling USED Activewear for CHEAP (I got a fake??) Lululemon Like New Review,28-07-2021,15:01:28Z,757730,17470,1942,PT8M20S,7260000,500,8,Full Video,https://i.ytimg.com/vi/TeP03n_4Hq0/hqdefault.jpg
lHNiD7lJo48,The Dark Truth about SHEIN...,22-07-2021,15:43:10Z,2138739,47220,4027,PT7M22S,7260000,442,7,Full Video,https://i.ytimg.com/vi/lHNiD7lJo48/hqdefault.jpg
hi2tesJlLS4,I Bought my Younger Self‚Äôs DREAM Wardrobe.. again // Y2K Shopping,14-07-2021,16:00:27Z,1882094,41575,2227,PT10M26S,7260000,626,10,Full Video,https://i.ytimg.com/vi/hi2tesJlLS4/hqdefault.jpg
SIejeNf2hJM,I Bought Viral Tiktok Products,07-07-2021,16:37:18Z,4920058,93487,2573,PT10M3S,7260000,603,10,Full Video,https://i.ytimg.com/vi/SIejeNf2hJM/hqdefault.jpg
cwznjvyrj8I,I Bought USED Kardashian Clothes IN REAL LIFE // New Kardashian Kloset STORE,01-07-2021,14:30:02Z,2328739,50142,1396,PT8M52S,7260000,532,9,Full Video,https://i.ytimg.com/vi/cwznjvyrj8I/hqdefault.jpg
mCtI5r_wXKU,I Bought the WORST Selling ASOS Items,27-06-2021,16:15:01Z,2013998,45890,1632,PT8M51S,7260000,531,9,Full Video,https://i.ytimg.com/vi/mCtI5r_wXKU/hqdefault.jpg
swpH6k_Ih2U,"I Bought ""Lost"" Luggage *how it really works + is it stolen?*",23-06-2021,14:30:26Z,6945890,102361,3341,PT13M27S,7260000,807,13,Full Video,https://i.ytimg.com/vi/swpH6k_Ih2U/hqdefault.jpg
RDsm6JXaDuI,Reworked Clothes Try On ! *Creative Transformations*,16-06-2021,14:29:31Z,675118,22110,2354,PT8M8S,7260000,488,8,Full Video,https://i.ytimg.com/vi/RDsm6JXaDuI/hqdefault.jpg
9whFPYgOO88,Ruthless Review of Buffbunny Collection // Gym and Swim Gear,09-06-2021,14:29:55Z,842431,22449,5413,PT14M32S,7260000,872,15,Full Video,https://i.ytimg.com/vi/9whFPYgOO88/hqdefault.jpg
#NAME?,Window Shopping the WEIRDEST Designer Products,06-06-2021,15:30:06Z,1659302,34355,3060,PT11M53S,7260000,713,12,Full Video,https://i.ytimg.com/vi/-Tv0b-irPAg/hqdefault.jpg
3BzKQ3PYHik,I Bought ‚ÄúFREE‚Äù Wish Leggings *disaster*,02-06-2021,14:30:02Z,1614543,33335,1396,PT10M21S,7260000,621,10,Full Video,https://i.ytimg.com/vi/3BzKQ3PYHik/hqdefault.jpg
xDBzGoq-FeY,I Bought my Younger Self‚Äôs DREAM Wardrobe/ Y2K Shopping Spree,30-05-2021,15:00:03Z,3426790,61966,5524,PT12M55S,7260000,775,13,Full Video,https://i.ytimg.com/vi/xDBzGoq-FeY/hqdefault.jpg
Dwe0SucZoqY,I Bought Target RETURNS for CHEAP *everything is brand new!?*,21-05-2021,15:00:01Z,4486612,82872,4316,PT9M37S,7260000,577,10,Full Video,https://i.ytimg.com/vi/Dwe0SucZoqY/hqdefault.jpg
cTtLeO0HYis,RENTING Clothes like ‚ÄúInfluencers‚Äù for CHEAP,14-05-2021,14:07:00Z,1869827,45417,2163,PT10M54S,7260000,654,11,Full Video,https://i.ytimg.com/vi/cTtLeO0HYis/hqdefault.jpg
d90RLiL1-D0,I Bought the WORST Selling Forever 21 Items,07-05-2021,15:15:04Z,2428252,54415,3459,PT8M3S,7260000,483,8,Full Video,https://i.ytimg.com/vi/d90RLiL1-D0/hqdefault.jpg
URAqAF12qFI,Wearing WAIST TRAINER LEGGINGS for a WEEK,28-04-2021,15:15:04Z,3136090,52585,2255,PT14M,7260000,840,14,Full Video,https://i.ytimg.com/vi/URAqAF12qFI/hqdefault.jpg
QfijG-c5-8c,I Bought the UGLIEST Used Kardashian Clothes,23-04-2021,14:45:08Z,5190248,88854,4034,PT12M37S,7260000,757,13,Full Video,https://i.ytimg.com/vi/QfijG-c5-8c/hqdefault.jpg
GfAO_hc38yQ,I Bought from Amazon‚Äôs SECRET Outlet // 8 outfits for $150!,16-04-2021,15:00:01Z,3747242,62391,4052,PT16M52S,7260000,1012,17,Full Video,https://i.ytimg.com/vi/GfAO_hc38yQ/hqdefault.jpg
WZYWMS_qCGE,I Bought the WORST Selling Fashion Nova Items,07-04-2021,15:01:04Z,2660443,53556,2500,PT9M24S,7260000,564,9,Full Video,https://i.ytimg.com/vi/WZYWMS_qCGE/hqdefault.jpg
msMUF0wZNeI,"I Bought Celebrity Dress Remakes for CHEAP! *Taylor Swift, Cardi B, Kylie Jenner, Hailey Bieber...",02-04-2021,14:45:03Z,5626346,101199,2704,PT10M52S,7260000,652,11,Full Video,https://i.ytimg.com/vi/msMUF0wZNeI/hqdefault.jpg
H4-9kFkzFlg,RUTHLESS REVIEW - Did Lululemon RUIN the Align Legging?? *New design*,29-03-2021,14:45:49Z,401793,11468,2128,PT11M26S,7260000,686,11,Full Video,https://i.ytimg.com/vi/H4-9kFkzFlg/hqdefault.jpg
nYY_Rx1vgGU,I Bought the WEIRDEST Clothes on INSTAGRAM!! *who wears these?*,19-03-2021,14:30:07Z,2764511,58244,3648,PT9M,7260000,540,9,Full Video,https://i.ytimg.com/vi/nYY_Rx1vgGU/hqdefault.jpg
gc3WdSza4LI,RUTHLESS Review of Buffbunny Swim *Here we go again...*,12-03-2021,15:30:06Z,938216,20923,3447,PT9M30S,7260000,570,10,Full Video,https://i.ytimg.com/vi/gc3WdSza4LI/hqdefault.jpg
H_U29oAqsiw,I Bought Amazon RETURNS for CHEAP!  *disaster*,09-03-2021,15:30:04Z,5995837,109862,4939,PT12M30S,7260000,750,12,Full Video,https://i.ytimg.com/vi/H_U29oAqsiw/hqdefault.jpg
ngYIC_eewG8,IN STORE Color Inverted Shopping!,28-02-2021,15:59:05Z,1935779,34434,1567,PT7M16S,7260000,436,7,Full Video,https://i.ytimg.com/vi/ngYIC_eewG8/hqdefault.jpg
IYT9nh8FWVM,Reviewing Brands I HATE,17-02-2021,15:30:01Z,2904188,57357,2802,PT12M37S,7260000,757,13,Full Video,https://i.ytimg.com/vi/IYT9nh8FWVM/hqdefault.jpg
_9TDa5mqUEQ,I Bought LOST LUGGAGE for CHEAP at THIS STORE...,03-02-2021,15:30:51Z,6053673,130155,3788,PT13M52S,7260000,832,14,Full Video,https://i.ytimg.com/vi/_9TDa5mqUEQ/hqdefault.jpg
wcw9tCzMxzE,I Bought USED Kardashian Clothes! RED CARPET Dresses üëó,26-01-2021,15:15:03Z,6335804,117376,4930,PT13M58S,7260000,838,14,Full Video,https://i.ytimg.com/vi/wcw9tCzMxzE/hqdefault.jpg
#NAME?,RUTHLESS Review of BO+TEE Activewear,22-01-2021,15:39:35Z,558910,13928,1837,PT10M41S,7260000,641,11,Full Video,https://i.ytimg.com/vi/-mfigzq3Hp4/hqdefault.jpg
fkK5w20chKY,Testing 51 PAIRS of JOGGERS and Sweat Sets from 22 Different Brands!,18-01-2021,15:14:07Z,392439,11487,4518,PT15M52S,7260000,952,16,Full Video,https://i.ytimg.com/vi/fkK5w20chKY/hqdefault.jpg
KnLbRnWJTNo,"Rating ""YouTuber"" Products!",12-01-2021,15:00:44Z,3635405,61634,1917,PT17M31S,7260000,1051,18,Full Video,https://i.ytimg.com/vi/KnLbRnWJTNo/hqdefault.jpg
w9Gn2v0EbBg,RUTHLESS Review of Liza Koshy's Activewear Line,04-01-2021,15:45:01Z,727750,16833,972,PT10M16S,7260000,616,10,Full Video,https://i.ytimg.com/vi/w9Gn2v0EbBg/hqdefault.jpg
ruc7eaYpy98,"RUTHLESS REVIEW of Supplement ACTIVEWEAR // Women‚Äôs Best, Muscle Nation, MyProtein, Ghost, 1st Phorm",29-12-2020,15:30:02Z,666709,13007,683,PT16M14S,7260000,974,16,Full Video,https://i.ytimg.com/vi/ruc7eaYpy98/hqdefault.jpg
ic4TIgkq-yg,I Bought USED Kardashian Clothes!,18-12-2020,15:30:02Z,9564567,187016,4055,PT14M33S,7260000,873,15,Full Video,https://i.ytimg.com/vi/ic4TIgkq-yg/hqdefault.jpg
SLcmEQZCvc4,Testing 323 PAIRS of LEGGINGS! From 68 Brands!,11-12-2020,16:00:10Z,960590,23886,832,PT10M43S,7260000,643,11,Full Video,https://i.ytimg.com/vi/SLcmEQZCvc4/hqdefault.jpg
#NAME?,Trying Weird Lululemon Trends,07-12-2020,16:50:35Z,1023524,20552,686,PT12M7S,7260000,727,12,Full Video,https://i.ytimg.com/vi/-pvEV6FkfaY/hqdefault.jpg
oeYs4zBuxY8,The Most Flattering Legging EVER! Alphalete Amplify Review,26-11-2020,17:00:15Z,389641,10115,653,PT18M2S,7260000,1082,18,Full Video,https://i.ytimg.com/vi/oeYs4zBuxY8/hqdefault.jpg
sdA5Ii9PCWw,The UGLY TRUTH about OUTLETS: Are they WORTH Your Money??,23-11-2020,19:42:37Z,1105173,22545,2016,PT11M12S,7260000,672,11,Full Video,https://i.ytimg.com/vi/sdA5Ii9PCWw/hqdefault.jpg
QTC-vqKyeVw,I Bought Beyonce's Ivy Park X Adidas Line that sold out in SECONDS.. but it's back today!,17-11-2020,16:04:53Z,866568,26010,887,PT8M1S,7260000,481,8,Full Video,https://i.ytimg.com/vi/QTC-vqKyeVw/hqdefault.jpg
ks6mlC2FhwA,BEST Activewear of 2020,13-11-2020,16:11:59Z,286124,7890,375,PT9M23S,7260000,563,9,Full Video,https://i.ytimg.com/vi/ks6mlC2FhwA/hqdefault.jpg
svRk1HVm0vE,I Bought EVERY Email AD for a Day,11-11-2020,17:00:13Z,1705687,37881,873,PT10M46S,7260000,646,11,Full Video,https://i.ytimg.com/vi/svRk1HVm0vE/hqdefault.jpg
ng40P4mMO3s,"HUGE Lululemon FALL HAUL üçÅ Outerwear, FLARE Legging and Jeans Try On!",01-11-2020,18:04:16Z,220025,5647,523,PT8M58S,7260000,538,9,Full Video,https://i.ytimg.com/vi/ng40P4mMO3s/hqdefault.jpg
Ali1_no4lRc,"WHITNEY SIMMONS X GYMSHARK ""2"" Review: Everything you need to know in 12 minutes",28-10-2020,19:17:01Z,289434,9768,887,PT11M19S,7260000,679,11,Full Video,https://i.ytimg.com/vi/Ali1_no4lRc/hqdefault.jpg
lT8dluU9CbE,Why I Turned Down a Gymshark Contract,16-10-2020,16:20:53Z,648894,23088,10472,PT12M49S,7260000,769,13,Full Video,https://i.ytimg.com/vi/lT8dluU9CbE/hqdefault.jpg
vJy9QhNHL94,Thrifty FALL OUTFITS | Cozy Casual & Athleisure,29-09-2020,16:02:41Z,234197,7022,316,PT9M45S,7260000,585,10,Full Video,https://i.ytimg.com/vi/vJy9QhNHL94/hqdefault.jpg
QvPGvwjmYOY,Testing the BEST Sports Bras for EVERY Workout (or best for lounging cuz THATS equally as important),10-09-2020,14:30:02Z,131666,4484,297,PT10M2S,7260000,602,10,Full Video,https://i.ytimg.com/vi/QvPGvwjmYOY/hqdefault.jpg
2YMZGgW2AIs,"Madelaine Petsch X Fabletics Review // $1,000 of new activewear!!",01-09-2020,17:41:23Z,497867,15443,4621,PT11M12S,7260000,672,11,Full Video,https://i.ytimg.com/vi/2YMZGgW2AIs/hqdefault.jpg
6w89at1Xg20,BuffBunny Collection Review // August 2020,22-08-2020,14:41:59Z,442098,6875,425,PT17M42S,7260000,1062,18,Full Video,https://i.ytimg.com/vi/6w89at1Xg20/hqdefault.jpg
xr154moweF0,I GOT VENEERS!,20-08-2020,16:56:20Z,168096,5895,455,PT13M54S,7260000,834,14,Full Video,https://i.ytimg.com/vi/xr154moweF0/hqdefault.jpg
hAm0WphSqzo,The #1 thing TO BUY from Lululemon,17-08-2020,15:50:47Z,432797,8999,425,PT9M36S,7260000,576,10,Full Video,https://i.ytimg.com/vi/hAm0WphSqzo/hqdefault.jpg
aVsBAWkstz0,More SHEER Leggings from Alphalete,15-08-2020,12:17:12Z,158804,4814,352,PT12M2S,7260000,722,12,Full Video,https://i.ytimg.com/vi/aVsBAWkstz0/hqdefault.jpg
pTZL8VMwxUs,Amazon's Own Activewear! Jeff Bezos is coming for my closet..,09-08-2020,16:00:13Z,256980,8254,376,PT8M31S,7260000,511,9,Full Video,https://i.ytimg.com/vi/pTZL8VMwxUs/hqdefault.jpg
ADut15VA41Y,Why I Hate SHEIN,01-08-2020,15:15:00Z,3761437,71383,3855,PT13M42S,7260000,822,14,Full Video,https://i.ytimg.com/vi/ADut15VA41Y/hqdefault.jpg
J3UJECLW0Yc,Shopping in the Men's Section,26-07-2020,16:30:33Z,407279,12033,440,PT9M41S,7260000,581,10,Full Video,https://i.ytimg.com/vi/J3UJECLW0Yc/hqdefault.jpg
rB_irhVy8NU,Testing VIRAL TIKTOK Clothing Hacks,22-07-2020,14:30:07Z,1306516,30553,533,PT8M20S,7260000,500,8,Full Video,https://i.ytimg.com/vi/rB_irhVy8NU/hqdefault.jpg
Fe4Jomlp3t0,I Bought Lost Luggage Items for CHEAP,19-07-2020,15:30:11Z,1987094,39681,1181,PT11M7S,7260000,667,11,Full Video,https://i.ytimg.com/vi/Fe4Jomlp3t0/hqdefault.jpg
WVxcmVL90rE,I Bought the WEIRDEST Stuff from the Gymshark Website...,12-07-2020,15:15:01Z,1128104,23288,562,PT12M24S,7260000,744,12,Full Video,https://i.ytimg.com/vi/WVxcmVL90rE/hqdefault.jpg
4F-4ztwf5Ro,Buffbunny Collection - Then VS Now,04-07-2020,15:48:07Z,168147,5109,306,PT11M14S,7260000,674,11,Full Video,https://i.ytimg.com/vi/4F-4ztwf5Ro/hqdefault.jpg
48NixaRiNu4,Testing the VIRAL Tiktok leggings! *not what I expected*,29-06-2020,17:51:21Z,392100,7937,473,PT10M44S,7260000,644,11,Full Video,https://i.ytimg.com/vi/48NixaRiNu4/hqdefault.jpg
InRL-RlXOmM,Leggings to Buy with NO Front Seam,25-06-2020,18:22:40Z,267213,5315,407,PT8M49S,7260000,529,9,Full Video,https://i.ytimg.com/vi/InRL-RlXOmM/hqdefault.jpg
mAfPDqDcyv4,Rating Swimwear by Fitness Brands! I can't believe they sell THIS...,23-06-2020,14:30:04Z,1425153,22871,697,PT17M12S,7260000,1032,17,Full Video,https://i.ytimg.com/vi/mAfPDqDcyv4/hqdefault.jpg
g0S5BizMVsc,TESTING CELEBRITY ACTIVEWEAR : Demi Lovato and Kevin Hart Fabletics,10-06-2020,16:10:17Z,328584,8510,444,PT11M21S,7260000,681,11,Full Video,https://i.ytimg.com/vi/g0S5BizMVsc/hqdefault.jpg
_dFtb-HNk9s,"HUGE CLOTHING HAUL! New Summer, Lounge, Activewear Finds",29-05-2020,16:28:43Z,284510,10701,375,PT11M48S,7260000,708,12,Full Video,https://i.ytimg.com/vi/_dFtb-HNk9s/hqdefault.jpg
Zf0yJ3faaGY,BuffBunny Swimsuits Review... not what I was expecting,23-05-2020,14:30:03Z,579362,10974,641,PT10M17S,7260000,617,10,Full Video,https://i.ytimg.com/vi/Zf0yJ3faaGY/hqdefault.jpg
CGjNx2T9Aho,Why I QUIT Fitness... (+ NEW Leggings!),22-05-2020,16:27:31Z,245793,6996,667,PT11M42S,7260000,702,12,Full Video,https://i.ytimg.com/vi/CGjNx2T9Aho/hqdefault.jpg
Y4m8zQviQR8,"Plastic Bottles into Leggings?? Tala, Girlfriend Collective, Wolven and REI Review!",15-05-2020,17:00:21Z,412370,13103,4662,PT19M,7260000,1140,19,Full Video,https://i.ytimg.com/vi/Y4m8zQviQR8/hqdefault.jpg
aNGTW97zujI,24 HOUR SHOPPING for SUBSCRIBERS Challenge üí∞ Online,09-05-2020,17:21:49Z,344835,9984,404,PT13M20S,7260000,800,13,Full Video,https://i.ytimg.com/vi/aNGTW97zujI/hqdefault.jpg
tUJPfR375b0,Gymshark Sports Bras That are Actually Worth Your Money üí∞ü¶à,05-05-2020,21:09:21Z,200072,7182,2301,PT13M48S,7260000,828,14,Full Video,https://i.ytimg.com/vi/tUJPfR375b0/hqdefault.jpg
w15Wl-sKr1g,Affordable Swimsuits Haul,29-04-2020,15:00:48Z,311061,8206,510,PT7M53S,7260000,473,8,Full Video,https://i.ytimg.com/vi/w15Wl-sKr1g/hqdefault.jpg
LtR8BcfDdu0,BEST BLACK LEGGINGS Review!,27-04-2020,16:30:10Z,290102,9246,718,PT8M59S,7260000,539,9,Full Video,https://i.ytimg.com/vi/LtR8BcfDdu0/hqdefault.jpg
3__0J8EUlRU,DOG LEGGINGS are a Thing! So I Tried Them on Mine..,25-04-2020,17:45:01Z,141931,5428,563,PT10M3S,7260000,603,10,Full Video,https://i.ytimg.com/vi/3__0J8EUlRU/hqdefault.jpg
2vOC-ZbGM6E,Alphalete's SHEEREST Leggings Ever? Revival is Back...,18-04-2020,13:30:02Z,371850,7335,601,PT13M46S,7260000,826,14,Full Video,https://i.ytimg.com/vi/2vOC-ZbGM6E/hqdefault.jpg
F-TeJfFmGkM,Addressing my Insecurities.. Quarantine Glow Down,17-04-2020,14:49:34Z,321917,13877,1807,PT12M30S,7260000,750,12,Full Video,https://i.ytimg.com/vi/F-TeJfFmGkM/hqdefault.jpg
jdqhy3GSDhM,TikTok Must Haves - LEGGING Edition! Are They HopeScope Approved??,14-04-2020,17:26:59Z,472518,11851,603,PT10M3S,7260000,603,10,Full Video,https://i.ytimg.com/vi/jdqhy3GSDhM/hqdefault.jpg
VVb6IX1FvRs,Testing Viral Clothing DIY's,10-04-2020,17:12:20Z,2152638,42551,990,PT10M9S,7260000,609,10,Full Video,https://i.ytimg.com/vi/VVb6IX1FvRs/hqdefault.jpg
178X8k09TQ0,Affordable Amazon Jogger Haul,08-04-2020,15:33:33Z,231966,7315,437,PT8M23S,7260000,503,8,Full Video,https://i.ytimg.com/vi/178X8k09TQ0/hqdefault.jpg
#NAME?,SWIM in These Sports Bras! LIFE HACK,05-04-2020,17:00:00Z,135401,4811,330,PT6M10S,7260000,370,6,Full Video,https://i.ytimg.com/vi/-Hoi51iKoGI/hqdefault.jpg
oaQPnRt-s3w,Testing Target‚Äôs NEW Activewear! Cheap and Trendy,02-04-2020,16:00:23Z,362212,11601,549,PT12M47S,7260000,767,13,Full Video,https://i.ytimg.com/vi/oaQPnRt-s3w/hqdefault.jpg
3dFA6Vt3jZI,Cozy Athliesure Haul + LIVE 20 min Abs at Home Workout,30-03-2020,18:32:31Z,233146,6284,2210,PT28M27S,7260000,1707,28,Full Video,https://i.ytimg.com/vi/3dFA6Vt3jZI/hqdefault.jpg
5LvTt_8AGEM,Testing $5 Activewear and Home Fitness Equipment!,27-03-2020,17:00:05Z,224226,8297,2121,PT9M48S,7260000,588,10,Full Video,https://i.ytimg.com/vi/5LvTt_8AGEM/hqdefault.jpg
g6c4cS_xMv0,lululemon gone TOO FAR?,25-03-2020,16:59:36Z,997029,27049,1324,PT12M4S,7260000,724,12,Full Video,https://i.ytimg.com/vi/g6c4cS_xMv0/hqdefault.jpg
X0Al6QYnrUY,What is OFF-WHITE and is it Worth the Money??,17-03-2020,15:00:10Z,400228,14026,3746,PT10M24S,7260000,624,10,Full Video,https://i.ytimg.com/vi/X0Al6QYnrUY/hqdefault.jpg
JzZzl1KuYLM,I Bought Amazon's MOST and LEAST Expensive Leggings!!,13-03-2020,14:00:04Z,218688,8141,988,PT7M8S,7260000,428,7,Full Video,https://i.ytimg.com/vi/JzZzl1KuYLM/hqdefault.jpg
kfDGdu42EK4,WHAT HAPPENED DOYOUEVEN?? 2020 Review,11-03-2020,14:00:20Z,244573,7054,525,PT12M37S,7260000,757,13,Full Video,https://i.ytimg.com/vi/kfDGdu42EK4/hqdefault.jpg
rZMI8ProU68,"Testing ""Squat Proof"" Amazon Leggings *they lied*",08-03-2020,16:00:07Z,322557,8014,3236,PT8M44S,7260000,524,9,Full Video,https://i.ytimg.com/vi/rZMI8ProU68/hqdefault.jpg
UV20Ul9ka-w,Losing 20 Pounds and KEEPING it OFF Tips and Tricks : 75 Hard Phase 1,29-02-2020,16:00:04Z,440839,10146,535,PT15M9S,7260000,909,15,Full Video,https://i.ytimg.com/vi/UV20Ul9ka-w/hqdefault.jpg
AFgiFjeT4ig,"The Ugly Truth About OUTLET STORES: Lululemon, Nike, Adidas EXPOSED",27-02-2020,15:00:02Z,956931,18491,811,PT14M26S,7260000,866,14,Full Video,https://i.ytimg.com/vi/AFgiFjeT4ig/hqdefault.jpg
CI0fUbc3xDE,trying something new,25-02-2020,15:00:01Z,106022,3934,295,PT8M15S,7260000,495,8,Full Video,https://i.ytimg.com/vi/CI0fUbc3xDE/hqdefault.jpg
qjjWgNred2o,The Origin of Women‚Äôs Activewear: Lorna Jane Review,20-02-2020,15:00:14Z,256361,7654,1276,PT14M7S,7260000,847,14,Full Video,https://i.ytimg.com/vi/qjjWgNred2o/hqdefault.jpg
UpTNpF8vm6E,MOST vs LEAST Squat Proof LULULEMON LEGGINGS! *with science*,13-02-2020,15:00:13Z,290361,8597,5999,PT13M56S,7260000,836,14,Full Video,https://i.ytimg.com/vi/UpTNpF8vm6E/hqdefault.jpg
00l6qfckFK4,ALPHALETE MUST HAVES + NEW Alphalux Deets,08-02-2020,14:30:00Z,130011,4257,351,PT15M30S,7260000,930,16,Full Video,https://i.ytimg.com/vi/00l6qfckFK4/hqdefault.jpg
qf_0C3r-wAQ,"üê™ -Toe-less Leggings! SUCKED IN, NOT HELD BACK. LNDR Review",31-01-2020,15:00:23Z,251474,8266,5913,PT12M43S,7260000,763,13,Full Video,https://i.ytimg.com/vi/qf_0C3r-wAQ/hqdefault.jpg
0tgESjU6A7Q,"Testing iNfLuEnCeR Activewear // Fit Angel, Corio, Nasty Fit",23-01-2020,16:39:37Z,392027,9440,419,PT15M38S,7260000,938,16,Full Video,https://i.ytimg.com/vi/0tgESjU6A7Q/hqdefault.jpg
QCUuBDTV8YY,"PLAYBOY makes LEGGINGS?? NOT what I was expecting... Review, Wear Test and Hotel Adventures ü•∞",17-01-2020,15:00:04Z,125168,4517,337,PT10M18S,7260000,618,10,Full Video,https://i.ytimg.com/vi/QCUuBDTV8YY/hqdefault.jpg
Ws5cin-Y8NM,"I LOST 18 LBS of FAT in 2 MONTHS: Diet, Workouts, Tips",10-01-2020,15:29:47Z,2077741,52806,1715,PT19M17S,7260000,1157,19,Full Video,https://i.ytimg.com/vi/Ws5cin-Y8NM/hqdefault.jpg
iza_k8eW6p4,24 HOURS in my CLOSET Challenge with my Dogs!!,06-01-2020,16:07:11Z,246601,6408,199,PT9M3S,7260000,543,9,Full Video,https://i.ytimg.com/vi/iza_k8eW6p4/hqdefault.jpg
_qxCbT5movY,"Instagram Brand ""Ambassador"" Scam?! Astoria Active Review..",21-12-2019,15:32:13Z,252373,7568,397,PT10M8S,7260000,608,10,Full Video,https://i.ytimg.com/vi/_qxCbT5movY/hqdefault.jpg
QRghWa9SDTw,STINK PROOF Workout Leggings you DON'T have to Wash?! Testing the Sweatflow Leggings for a WEEK,17-12-2019,18:06:03Z,261378,7005,355,PT13M6S,7260000,786,13,Full Video,https://i.ytimg.com/vi/QRghWa9SDTw/hqdefault.jpg
FVvM_uz_P_E,Gymshark's Apology to me...,25-11-2019,17:30:00Z,389992,9243,447,PT16M9S,7260000,969,16,Full Video,https://i.ytimg.com/vi/FVvM_uz_P_E/hqdefault.jpg
lHbxFxYFbC8,The ULTIMATE PTULA REVIEW Ft. Women's and NEW Men's Line!,22-11-2019,16:00:06Z,297371,6288,1829,PT16M25S,7260000,985,16,Full Video,https://i.ytimg.com/vi/lHbxFxYFbC8/hqdefault.jpg
gQyZcqlmAok,LAST MINUTE Christmas Gift Ideas for Anyone!,15-11-2019,15:17:16Z,140423,4872,277,PT16M42S,7260000,1002,17,Full Video,https://i.ytimg.com/vi/gQyZcqlmAok/hqdefault.jpg
gc67N_x4jRs,NO BULL Activewear + Shoe Review! (that's actually the name of the brand),09-11-2019,18:11:55Z,200194,5995,1387,PT13M27S,7260000,807,13,Full Video,https://i.ytimg.com/vi/gc67N_x4jRs/hqdefault.jpg
d6jSFZZy-cQ,FULL DAY OF SHOPPING! + Luxury Gift GIVEAWAY,31-10-2019,14:00:07Z,200338,5705,335,PT12M48S,7260000,768,13,Full Video,https://i.ytimg.com/vi/d6jSFZZy-cQ/hqdefault.jpg
_uJItkGljMo,Testing The World's First ZIP OFF Leggings!,27-10-2019,15:30:00Z,203066,6521,3575,PT8M33S,7260000,513,9,Full Video,https://i.ytimg.com/vi/_uJItkGljMo/hqdefault.jpg
dc-jbaiS2lI,CHEAP vs EXPENSIVE SHAPEWEAR Leggings and Shorts!,17-10-2019,14:15:39Z,468974,10254,456,PT16M37S,7260000,997,17,Full Video,https://i.ytimg.com/vi/dc-jbaiS2lI/hqdefault.jpg
4odnquP2qAE,I Didn‚Äôt Want to Post This.. Gymshark X Whitney Simmons,09-10-2019,14:03:48Z,539290,22453,12452,PT14M49S,7260000,889,15,Full Video,https://i.ytimg.com/vi/4odnquP2qAE/hqdefault.jpg
qwCIq4oTApY,CRAZY Leggings you Didn't Know Exist + I GOT SCAMMED???,24-09-2019,14:00:11Z,722736,19665,424,PT11M9S,7260000,669,11,Full Video,https://i.ytimg.com/vi/qwCIq4oTApY/hqdefault.jpg
jdsS3E-VXgE,NEW Alphalete Aero Leggings VS Revival Leggings,21-09-2019,14:06:23Z,144554,4286,323,PT9M46S,7260000,586,10,Full Video,https://i.ytimg.com/vi/jdsS3E-VXgE/hqdefault.jpg
dKz4H9U48pc,THE WEIRDEST Fashion Trend // French Cut Leggings,18-09-2019,14:00:12Z,338042,7530,294,PT9M46S,7260000,586,10,Full Video,https://i.ytimg.com/vi/dKz4H9U48pc/hqdefault.jpg
NtXaxZwgnao,My MOST REQUESTED REVIEW Curves and Combatboots Haul + Wear Test,28-08-2019,15:06:45Z,312087,9118,5264,PT14M45S,7260000,885,15,Full Video,https://i.ytimg.com/vi/NtXaxZwgnao/hqdefault.jpg
LvQCLSSqBDM,We need to talk... Weight Gain. Keto Disaster. Getting Motivated.,21-08-2019,14:00:05Z,521735,14045,3322,PT21M11S,7260000,1271,21,Full Video,https://i.ytimg.com/vi/LvQCLSSqBDM/hqdefault.jpg
cWY0bogFGRI,THE LIFE HACK EVERY GIRL NEEDS... No More Bra Pad Inserts??,16-08-2019,14:30:00Z,520169,10209,529,PT10M1S,7260000,601,10,Full Video,https://i.ytimg.com/vi/cWY0bogFGRI/hqdefault.jpg
d4T9ErtRlIY,Wearing 80s VINTAGE for a WEEK *Embarrassing but Worth it*,31-07-2019,18:04:12Z,1043818,22092,1367,PT24M7S,7260000,1447,24,Full Video,https://i.ytimg.com/vi/d4T9ErtRlIY/hqdefault.jpg
byv5oRb47ek,WTH COSTOCO?? Clothing Haul Hits and Misses,25-07-2019,14:30:01Z,334234,8476,854,PT8M50S,7260000,530,9,Full Video,https://i.ytimg.com/vi/byv5oRb47ek/hqdefault.jpg
FCrvT2f4b2o,The Truth About Body Engineers..,22-07-2019,22:49:58Z,361120,9950,440,PT12M1S,7260000,721,12,Full Video,https://i.ytimg.com/vi/FCrvT2f4b2o/hqdefault.jpg
OqFr48Gjvko,HUGE *super cute* Summer Haul! (pls confiscate my credit card),18-07-2019,14:30:00Z,194232,7855,296,PT9M49S,7260000,589,10,Full Video,https://i.ytimg.com/vi/OqFr48Gjvko/hqdefault.jpg
cBCdcKljsMU,A Very SPICY Activewear Haul // Mina Sportswear + Luxury NYC Gym,14-07-2019,15:00:08Z,290878,7022,338,PT9M23S,7260000,563,9,Full Video,https://i.ytimg.com/vi/cBCdcKljsMU/hqdefault.jpg
JTNcVto53ko,Lulu has Skincare?? // lululemon SelfCare Unboxing and Honest Review,12-07-2019,17:12:45Z,194408,4967,281,PT12M37S,7260000,757,13,Full Video,https://i.ytimg.com/vi/JTNcVto53ko/hqdefault.jpg
-4pJlbpQPXA,YOUTUBE ADS MADE ME BUY IT Carbon38 TAKARA Review,03-07-2019,14:00:01Z,210841,6949,353,PT6M22S,7260000,382,6,Full Video,https://i.ytimg.com/vi/-4pJlbpQPXA/hqdefault.jpg
NAe-gFnAqIM,It‚Äôs ACTIVEWEAR & a SWIMSUIT?! Gym to Swim Victoria's Secret PINK Review,30-06-2019,15:00:02Z,207777,5651,246,PT9M54S,7260000,594,10,Full Video,https://i.ytimg.com/vi/NAe-gFnAqIM/hqdefault.jpg
F_RaP1dQo0s,Wearing ONLY THRIFTED CLOTHING for a WEEK,27-06-2019,14:00:06Z,346278,8968,334,PT11M28S,7260000,688,11,Full Video,https://i.ytimg.com/vi/F_RaP1dQo0s/hqdefault.jpg
0Gs0nkeKFro,A DRESS Made From LEGGINGS?! CONCERNS with BuffBunny Collection + Summer Launch Must Haves,22-06-2019,17:33:45Z,238159,7730,4468,PT12M45S,7260000,765,13,Full Video,https://i.ytimg.com/vi/0Gs0nkeKFro/hqdefault.jpg
bKcVjDTXHbM,CHEAP and TRENDY Gym Clothes - ACTUALLY WORTH YOUR MONEY,19-06-2019,14:00:04Z,497231,12987,466,PT14M36S,7260000,876,15,Full Video,https://i.ytimg.com/vi/bKcVjDTXHbM/hqdefault.jpg
nyLQPXEDgNs,Under Armour PROJECT ROCK - Testing the Men's AND Women's Line!,09-06-2019,17:58:42Z,209392,9915,872,PT11M22S,7260000,682,11,Full Video,https://i.ytimg.com/vi/nyLQPXEDgNs/hqdefault.jpg
NZa3mRGfRN0,"FENDI SPORTS BRA REVIEW (Ya know, Like in the Old Town Road Song)",06-06-2019,15:58:15Z,218786,7672,318,PT9M6S,7260000,546,9,Full Video,https://i.ytimg.com/vi/NZa3mRGfRN0/hqdefault.jpg
eo5vn_EbaAw,DIY CLOSET ORGANIZATION HACKS on a BUDGET// Activewear Hoarder Declutters Marie Kondo Style,31-05-2019,16:27:23Z,127573,5310,198,PT6M40S,7260000,400,7,Full Video,https://i.ytimg.com/vi/eo5vn_EbaAw/hqdefault.jpg
5uvZsM_A55Y,TESTING INSTAGRAM ACTIVEWEAR! SET Active - Hit or Miss??,24-05-2019,14:00:02Z,535429,11078,612,PT10M,7260000,600,10,Full Video,https://i.ytimg.com/vi/5uvZsM_A55Y/hqdefault.jpg
Izcn_pVbGRQ,Trying on ALL of my GYM CLOTHES! Massive Closet Tour,20-05-2019,13:59:30Z,234995,15753,5268,PT9M2S,7260000,542,9,Full Video,https://i.ytimg.com/vi/Izcn_pVbGRQ/hqdefault.jpg
wmaveb5MYX0,My FAVORITE CAMO Leggings // Cheap and Trendy Options,04-05-2019,17:45:02Z,167372,5807,656,PT9M23S,7260000,563,9,Full Video,https://i.ytimg.com/vi/wmaveb5MYX0/hqdefault.jpg
BaapnwaYFdc,MY EPIC HAIR TRANSFORMATION!,01-05-2019,18:00:00Z,169845,6491,500,PT3M23S,7260000,203,3,Shorts,https://i.ytimg.com/vi/BaapnwaYFdc/hqdefault.jpg
#NAME?,NEW Workout Gear for SPRING! Try On + Review,27-04-2019,14:26:37Z,232490,6493,544,PT12M14S,7260000,734,12,Full Video,https://i.ytimg.com/vi/-eCGKTm-dD8/hqdefault.jpg
nr7CZHp3UQg,Reviewing Brands that STOLE my Videos for Their Ads,24-04-2019,18:35:21Z,1019223,27330,765,PT8M4S,7260000,484,8,Full Video,https://i.ytimg.com/vi/nr7CZHp3UQg/hqdefault.jpg
HcVlHQJl12M,Reviewing Activewear Brands I HATE,20-04-2019,14:00:01Z,990374,14636,1021,PT11M16S,7260000,676,11,Full Video,https://i.ytimg.com/vi/HcVlHQJl12M/hqdefault.jpg
BRma8VFZAPI,I Needed A BACKGROUND CHECK to Buy These Luxury Leggings,12-04-2019,14:00:00Z,1041831,21150,951,PT13M23S,7260000,803,13,Full Video,https://i.ytimg.com/vi/BRma8VFZAPI/hqdefault.jpg
NH1WPuwcChc,Kate Spade Designer Activewear Review,23-03-2019,13:32:35Z,846418,12011,551,PT11M10S,7260000,670,11,Full Video,https://i.ytimg.com/vi/NH1WPuwcChc/hqdefault.jpg
GORCUWT5h7U,Subscribers Pick my Amazon Haul!,15-03-2019,15:08:33Z,664607,13783,566,PT16M13S,7260000,973,16,Full Video,https://i.ytimg.com/vi/GORCUWT5h7U/hqdefault.jpg
iXoba0Bwaqk,Selena Gomez X Puma AM I SUPPOSE TO WORKOUT IN THESE?? Lol,05-03-2019,15:01:02Z,784300,18278,435,PT8M28S,7260000,508,8,Full Video,https://i.ytimg.com/vi/iXoba0Bwaqk/hqdefault.jpg
wY9Ade-XEl4,"Shopping in the KIDS SECTION! Ivivva, Nike, Adidas, Old Navy, Justice",24-02-2019,18:17:33Z,1047173,18055,1275,PT11M51S,7260000,711,12,Full Video,https://i.ytimg.com/vi/wY9Ade-XEl4/hqdefault.jpg
3qnuNgJRT28,BRATZ CHALLENGE Fitness Edition,20-02-2019,17:21:55Z,57120,3666,375,PT8M49S,7260000,529,9,Full Video,https://i.ytimg.com/vi/3qnuNgJRT28/hqdefault.jpg
_IA3e0fNfTg,NIKE VS. ADIDAS VS. UNDER ARMOUR // Battle of the Brands!,13-02-2019,16:16:14Z,805984,15950,1294,PT17M31S,7260000,1051,18,Full Video,https://i.ytimg.com/vi/_IA3e0fNfTg/hqdefault.jpg
FF7Jkcz0SQQ,MUST HAVE Leggings for Cold Weather,06-02-2019,18:50:25Z,157983,5366,333,PT7M,7260000,420,7,Full Video,https://i.ytimg.com/vi/FF7Jkcz0SQQ/hqdefault.jpg
t1rGKPFtroY,James Charles LEGGINGS??  SISTERS Sportswear Review,30-01-2019,15:08:00Z,412931,15673,740,PT7M31S,7260000,451,8,Full Video,https://i.ytimg.com/vi/t1rGKPFtroY/hqdefault.jpg
URW83nrpy-U,I HATE GYMSHARK?? Current thoughts on this Brand,16-01-2019,17:46:44Z,376531,12398,826,PT10M8S,7260000,608,10,Full Video,https://i.ytimg.com/vi/URW83nrpy-U/hqdefault.jpg
wuXqgekrOps,Subscribers Pick my Gym Outfit *EMBARRASSING*,10-01-2019,15:00:10Z,222935,8089,226,PT6M20S,7260000,380,6,Full Video,https://i.ytimg.com/vi/wuXqgekrOps/hqdefault.jpg
gctEbMjoQVA,BEST Activewear of 2018,06-01-2019,15:06:57Z,318032,7374,372,PT12M18S,7260000,738,12,Full Video,https://i.ytimg.com/vi/gctEbMjoQVA/hqdefault.jpg
tGpzRjbnQU8,I Bought the WORST Rated Victoria's Secret Sport Items,21-12-2018,18:19:45Z,943421,19425,457,PT9M42S,7260000,582,10,Full Video,https://i.ytimg.com/vi/tGpzRjbnQU8/hqdefault.jpg
Klq8bEeHE-c,TRY ON / REVIEW of ALL my JOGGERS,13-12-2018,15:06:06Z,338028,6747,422,PT11M23S,7260000,683,11,Full Video,https://i.ytimg.com/vi/Klq8bEeHE-c/hqdefault.jpg
FT1wSjZLQU0,GETTING PERSONAL: Physique Update + Day of Meals for Fat Loss,10-12-2018,15:34:13Z,88044,3263,248,PT9M34S,7260000,574,10,Full Video,https://i.ytimg.com/vi/FT1wSjZLQU0/hqdefault.jpg
oAhY21rrwiw,Wearing WEIRD INSTAGRAM AD Leggings for a Week,01-12-2018,15:58:30Z,957055,36237,795,PT10M8S,7260000,608,10,Full Video,https://i.ytimg.com/vi/oAhY21rrwiw/hqdefault.jpg
uXh_S-JQ4Xg,Sommer Ray Activewear Review // Haul + Wear Test,29-11-2018,15:05:59Z,314175,7639,546,PT9M37S,7260000,577,10,Full Video,https://i.ytimg.com/vi/uXh_S-JQ4Xg/hqdefault.jpg
l5zxBPC_Mx4,Skin Care + Hair Care + Self Tanning Routine! (AFFORDABLE! Everything Under $30),23-11-2018,19:03:53Z,72610,2054,111,PT6M12S,7260000,372,6,Full Video,https://i.ytimg.com/vi/l5zxBPC_Mx4/hqdefault.jpg
Mdmiw9tf0W4,I Bought the WORST Rated Forever21 Items! Activewear and Swimwear,21-11-2018,19:15:18Z,887484,19835,532,PT9M53S,7260000,593,10,Full Video,https://i.ytimg.com/vi/Mdmiw9tf0W4/hqdefault.jpg
LCDC63aWvDY,"NEW and Noteworthy Gym Clothes! Align Joggers, Balance Athletica, XXIV, and more",05-11-2018,19:26:59Z,167906,4624,360,PT10M1S,7260000,601,10,Full Video,https://i.ytimg.com/vi/LCDC63aWvDY/hqdefault.jpg
eK38ORdPOC4,"GOALS to GET LEAN,  PHYSIQUE UPDATE, GETTING OUT of a RUT",31-10-2018,15:18:54Z,119171,4295,582,PT8M40S,7260000,520,9,Full Video,https://i.ytimg.com/vi/eK38ORdPOC4/hqdefault.jpg
MAS1ix-IZyw,Cheap and Trendy Zaful Activewear,18-10-2018,14:00:04Z,155808,4113,188,PT5M53S,7260000,353,6,Full Video,https://i.ytimg.com/vi/MAS1ix-IZyw/hqdefault.jpg
yzaVxmCzN8M,Saying goodbye.,14-10-2018,14:00:04Z,160991,10930,392,PT6M51S,7260000,411,7,Full Video,https://i.ytimg.com/vi/yzaVxmCzN8M/hqdefault.jpg
GLV0aw1bS-A,BATTLE of the BOOTY SCRUNCH Leggings // CLS vs ABS2B vs Til You Collapse,06-10-2018,14:30:41Z,267437,5042,364,PT7M54S,7260000,474,8,Full Video,https://i.ytimg.com/vi/GLV0aw1bS-A/hqdefault.jpg
QHZslCHDcFY,CHEAP and TRENDY Current Activewear FAVORITES! Under $25,29-09-2018,15:30:24Z,220085,6980,276,PT8M16S,7260000,496,8,Full Video,https://i.ytimg.com/vi/QHZslCHDcFY/hqdefault.jpg
4ZN1Rna8xLM,I TRIED WORKING OUT in SAUNA SUITS for A WEEK,22-09-2018,18:15:42Z,511284,11184,425,PT11M41S,7260000,701,12,Full Video,https://i.ytimg.com/vi/4ZN1Rna8xLM/hqdefault.jpg
8AYlbJaNA9I,"Testing ""Compression"" Leggings and Shorts // Ever Forward Review",11-09-2018,14:26:46Z,184142,5013,284,PT9M26S,7260000,566,9,Full Video,https://i.ytimg.com/vi/8AYlbJaNA9I/hqdefault.jpg
on-uoEBjwks,Kardashian Booty Leggings?? Good American Active Review,06-09-2018,13:59:53Z,317536,8220,453,PT7M57S,7260000,477,8,Full Video,https://i.ytimg.com/vi/on-uoEBjwks/hqdefault.jpg
1yFPovr-9IY,"$2,200 Gucci Leggings?! WHY U SO MUCH $$$",29-08-2018,14:00:46Z,669505,14869,996,PT9M31S,7260000,571,10,Full Video,https://i.ytimg.com/vi/1yFPovr-9IY/hqdefault.jpg
n-YlqalkGWc,The TRUTH About Gymshark Swimwear,22-08-2018,13:55:42Z,357609,7765,299,PT8M59S,7260000,539,9,Full Video,https://i.ytimg.com/vi/n-YlqalkGWc/hqdefault.jpg
CNdlI0Lx_WY,HUGE WHITEFOX Activewear and Swimsuit Haul,09-08-2018,15:18:45Z,384007,7022,429,PT12M25S,7260000,745,12,Full Video,https://i.ytimg.com/vi/CNdlI0Lx_WY/hqdefault.jpg
7AcpjqIKe9Y,I  Bought the WORST RATED Amazon Leggings,02-08-2018,14:03:02Z,1102181,14623,548,PT10M53S,7260000,653,11,Full Video,https://i.ytimg.com/vi/7AcpjqIKe9Y/hqdefault.jpg
gUKIgMtqT8w,Affordable Gym Clothes Under $35 // MyProtein New Releases,27-07-2018,23:20:48Z,119069,3744,221,PT7M40S,7260000,460,8,Full Video,https://i.ytimg.com/vi/gUKIgMtqT8w/hqdefault.jpg
T8WF9T583yg,BEST Matching Sets for the Gym // Flexxfit Activewear Review,20-07-2018,14:49:29Z,124953,3949,257,PT7M41S,7260000,461,8,Full Video,https://i.ytimg.com/vi/T8WF9T583yg/hqdefault.jpg
DQVnSK_PwBc,I Bought the WORST Rated Items from Lululemon // Try on Haul,18-07-2018,14:10:25Z,845148,13188,501,PT8M35S,7260000,515,9,Full Video,https://i.ytimg.com/vi/DQVnSK_PwBc/hqdefault.jpg
pBXxlo2-IRE,"A Very ""Extra"" Gym Clothing Haul // BlackMilk Activewear Review + Wear Test",12-07-2018,14:23:54Z,324962,4732,252,PT7M27S,7260000,447,7,Full Video,https://i.ytimg.com/vi/pBXxlo2-IRE/hqdefault.jpg
oiKzTJuHd9I,MY GYM SHORTS COLLECTION // The BEST and the... Not so Great,26-06-2018,14:15:00Z,309724,5496,281,PT7M57S,7260000,477,8,Full Video,https://i.ytimg.com/vi/oiKzTJuHd9I/hqdefault.jpg
NhwJoW8uzRQ,The BIGGEST Workout Clothing Haul YET,24-06-2018,17:02:24Z,264588,6377,1639,PT10M55S,7260000,655,11,Full Video,https://i.ytimg.com/vi/NhwJoW8uzRQ/hqdefault.jpg
nu3bfCDd-rw,SISTER BUYS MY SWIMSUITS // $15 Bikini Haul,13-06-2018,15:02:22Z,267771,6422,259,PT5M44S,7260000,344,6,Full Video,https://i.ytimg.com/vi/nu3bfCDd-rw/hqdefault.jpg
p4Y40q1uNYA,"Fitness HOLY GRAILS : Cheap Leggings, Workouts, Recipes, and more!",09-06-2018,14:39:02Z,199813,7380,411,PT10M,7260000,600,10,Full Video,https://i.ytimg.com/vi/p4Y40q1uNYA/hqdefault.jpg
ikeUQgVe0m0,Athleta Sporty Swimsuits Haul / PRACTICAL or just PRICEY??,27-05-2018,18:06:16Z,174494,4690,239,PT8M41S,7260000,521,9,Full Video,https://i.ytimg.com/vi/ikeUQgVe0m0/hqdefault.jpg
CUZMbT7xBbc,NEW Fabletics X Demi Lovato 2018 Review,16-05-2018,15:17:23Z,190102,4712,267,PT9M8S,7260000,548,9,Full Video,https://i.ytimg.com/vi/CUZMbT7xBbc/hqdefault.jpg
W_UhupC09S4,"NEW Alphalete: Cross Sets, New Revival Legging Colors Squat Tested, Seamless Underwear",12-05-2018,14:45:00Z,102927,3682,308,PT8M47S,7260000,527,9,Full Video,https://i.ytimg.com/vi/W_UhupC09S4/hqdefault.jpg
60um_GD71Q0,HUGE NEW Lululemon Spring Haul + COLDEST Photoshoot BTS,07-05-2018,17:28:09Z,256091,4943,398,PT8M46S,7260000,526,9,Full Video,https://i.ytimg.com/vi/60um_GD71Q0/hqdefault.jpg
eae2YDODdoA,Wearing $5 LULULEMON & GYMSHARK for a WEEK! THRIFT HAUL,30-04-2018,17:07:37Z,629320,17083,586,PT9M46S,7260000,586,10,Full Video,https://i.ytimg.com/vi/eae2YDODdoA/hqdefault.jpg
rFRokzeSyug,Testing the ULTIMATE Sports Bra. I'm SHOOK but my Chest Isn't? LOL...,27-04-2018,14:02:44Z,202704,5581,361,PT7M54S,7260000,474,8,Full Video,https://i.ytimg.com/vi/rFRokzeSyug/hqdefault.jpg
3O8bgUi-oV4,LULULEMON WHO?? Affordable Amazon Queenie Ke Collection Review,24-04-2018,13:59:48Z,323253,9239,369,PT7M9S,7260000,429,7,Full Video,https://i.ytimg.com/vi/3O8bgUi-oV4/hqdefault.jpg
y-tUh4XQtbM,HUGE ASOS Activewear Haul (Major Fails + Successes),18-04-2018,13:59:28Z,200661,5360,582,PT11M51S,7260000,711,12,Full Video,https://i.ytimg.com/vi/y-tUh4XQtbM/hqdefault.jpg
kCasb1-Sk4Y,"Testing ""FITSPO"" Activewear : In Depth Cleo Harper Review",10-04-2018,14:01:40Z,78405,3854,212,PT6M44S,7260000,404,7,Full Video,https://i.ytimg.com/vi/kCasb1-Sk4Y/hqdefault.jpg
BI0XxPqLfLY,"INSTAGRAM MADE ME Buy It: Gymshark, Paragon, Bombshell, Stronger REVIEWS",05-04-2018,18:15:46Z,185274,4929,433,PT9M16S,7260000,556,9,Full Video,https://i.ytimg.com/vi/BI0XxPqLfLY/hqdefault.jpg
6dSclVcV3XU,"Current Fit, Fashion, Food OBSESSIONS /March Must Haves",31-03-2018,14:00:02Z,72878,3230,237,PT11M43S,7260000,703,12,Full Video,https://i.ytimg.com/vi/6dSclVcV3XU/hqdefault.jpg
IBt0AdrxQos,Testing Amazon Prime Swimsuits // Under $20 - Hit or Miss??,25-03-2018,19:56:03Z,835109,12493,517,PT7M56S,7260000,476,8,Full Video,https://i.ytimg.com/vi/IBt0AdrxQos/hqdefault.jpg
8iYDtQ6gt-I,White Fox X Sarah‚Äôs Day HONEST Review | Worth it??,16-03-2018,14:20:14Z,212686,4773,274,PT8M7S,7260000,487,8,Full Video,https://i.ytimg.com/vi/8iYDtQ6gt-I/hqdefault.jpg
PLY58dS-x5I,$1000 Nordstrom Gym Clothes Haul! Trying NEW Brands,12-03-2018,14:06:29Z,240149,5786,602,PT8M50S,7260000,530,9,Full Video,https://i.ytimg.com/vi/PLY58dS-x5I/hqdefault.jpg
2eFey5TWs6o,I Tried FREE Sports Bras From Wish.com // Hit or Miss??,05-03-2018,15:00:00Z,498669,10639,319,PT7M42S,7260000,462,8,Full Video,https://i.ytimg.com/vi/2eFey5TWs6o/hqdefault.jpg
ruQzrExDXhs,The TRUTH About Alphalete Revival Leggings...,02-03-2018,15:01:05Z,224789,5603,431,PT7M48S,7260000,468,8,Full Video,https://i.ytimg.com/vi/ruQzrExDXhs/hqdefault.jpg
l4DborLW97Y,"FEBRUARY Fitness + Fashion FAVORITES // Gymshark, PTULA, IdealFit +",28-02-2018,14:41:10Z,85935,3435,266,PT9M34S,7260000,574,10,Full Video,https://i.ytimg.com/vi/l4DborLW97Y/hqdefault.jpg
fJyuoFT0X_4,I Tried Hot Topic Activewear! I SPENT $300 ON THAT?? Goth Goes Fit.,21-02-2018,14:34:46Z,261766,7752,424,PT7M18S,7260000,438,7,Full Video,https://i.ytimg.com/vi/fJyuoFT0X_4/hqdefault.jpg
9WAP-3FvkQg,"OMBRE Leggings, SAVE or SPLURGE? | Gymshark vs Lululemon Vs Lorna Jane vs Amazon",14-02-2018,15:03:22Z,344745,7074,596,PT10M38S,7260000,638,11,Full Video,https://i.ytimg.com/vi/9WAP-3FvkQg/hqdefault.jpg
QL3a5IQX0W0,"NEW Gym Clothes // Gymshark, Alphalete, Ptula",31-01-2018,21:42:26Z,314630,7048,528,PT10M46S,7260000,646,11,Full Video,https://i.ytimg.com/vi/QL3a5IQX0W0/hqdefault.jpg
Ax5FRmFmwzg,What I Eat in a Day for FAT LOSS // Vegetarian FDOE,26-01-2018,19:10:51Z,55309,1868,199,PT6M34S,7260000,394,7,Full Video,https://i.ytimg.com/vi/Ax5FRmFmwzg/hqdefault.jpg
KFabKDLcP04,Outdoor Voices In Depth Review // OVER HYPED or Worth the $$$???,23-01-2018,15:00:01Z,87282,2478,243,PT8M,7260000,480,8,Full Video,https://i.ytimg.com/vi/KFabKDLcP04/hqdefault.jpg
3_Rp10kOgK0,Lululemon Actually WORTH Your Money // Winter Favorites,20-01-2018,22:15:10Z,286534,4829,389,PT9M45S,7260000,585,10,Full Video,https://i.ytimg.com/vi/3_Rp10kOgK0/hqdefault.jpg
FkajbEYWk1o,Gymshark X Nikki B Season 2 NOT Sponsored // Worth the $$$??,17-01-2018,15:00:03Z,120967,4225,474,PT8M37S,7260000,517,9,Full Video,https://i.ytimg.com/vi/FkajbEYWk1o/hqdefault.jpg
s_YSKEsdeX8,"MY FIRST Q&A | Turning Down Sponsorships, How I Make Money, New Puppy??",06-01-2018,16:00:07Z,80485,3575,477,PT13M26S,7260000,806,13,Full Video,https://i.ytimg.com/vi/s_YSKEsdeX8/hqdefault.jpg
cTl6ryKl3rY,Cheap Trendy Swimsuit Haul + Try On // Vlogmas Giveaway Winners Announced!!!,29-12-2017,18:47:59Z,103968,2450,299,PT8M50S,7260000,530,9,Full Video,https://i.ytimg.com/vi/cTl6ryKl3rY/hqdefault.jpg
sGRAB2_4Tvg,Toned Arms + Slim Waist Workout // NO Equipment at Home,24-12-2017,16:00:06Z,43087,2645,572,PT5M58S,7260000,358,6,Full Video,https://i.ytimg.com/vi/sGRAB2_4Tvg/hqdefault.jpg
ALqCtAQQqOY,No BS Toned by Ashy Bines Try On + Review,23-12-2017,16:30:00Z,80724,2885,1330,PT10M44S,7260000,644,11,Full Video,https://i.ytimg.com/vi/ALqCtAQQqOY/hqdefault.jpg
L_75qDxG9QM,BEST Gym Shoes for Lifting and Cardio + SHOE GIVEAWAY,19-12-2017,15:00:03Z,85093,2827,818,PT7M11S,7260000,431,7,Full Video,https://i.ytimg.com/vi/L_75qDxG9QM/hqdefault.jpg
_znwbKcXM0g,Fitness Transformation + Healthy Meal Ideas ft. BodyBoss Nutrition Guide,14-12-2017,15:00:05Z,78444,3160,737,PT7M8S,7260000,428,7,Full Video,https://i.ytimg.com/vi/_znwbKcXM0g/hqdefault.jpg
fzUv9rO5oQg,A Day in the Life // Leo's Birthday // Vlogmas Day 13,13-12-2017,18:58:46Z,46252,3108,714,PT5M2S,7260000,302,5,Full Video,https://i.ytimg.com/vi/fzUv9rO5oQg/hqdefault.jpg
WYzRkSu1EUk,Mystery Box Leggings Edition,12-12-2017,15:00:08Z,111072,4036,687,PT5M30S,7260000,330,6,Full Video,https://i.ytimg.com/vi/WYzRkSu1EUk/hqdefault.jpg
DM263dvcwO0,"HUGE Black Friday Activewear Haul // Gymshark, P'tula, Alphalete +",11-12-2017,15:00:00Z,148312,4390,739,PT12M40S,7260000,760,13,Full Video,https://i.ytimg.com/vi/DM263dvcwO0/hqdefault.jpg
BScXFNNVG18,"Flattering, Comfy, Cheap Designer Jeans Favorites + Try On",10-12-2017,15:30:01Z,118992,3429,709,PT6M35S,7260000,395,7,Full Video,https://i.ytimg.com/vi/BScXFNNVG18/hqdefault.jpg
45Hjni-qnOg,"Workout Empire Activewear Try on Review // Leggings, Sports Bras, Tops",09-12-2017,15:00:01Z,62240,2881,806,PT8M9S,7260000,489,8,Full Video,https://i.ytimg.com/vi/45Hjni-qnOg/hqdefault.jpg
blqHc36h15w,The Most Flattering Seamless Leggings for the Gym (Squat Proof!),07-12-2017,15:00:03Z,584062,7629,2044,PT8M11S,7260000,491,8,Full Video,https://i.ytimg.com/vi/blqHc36h15w/hqdefault.jpg
MNPLQZT-KVo,UGLY Activewear Haul + Wearing it to the Gym!!!,06-12-2017,15:00:03Z,217985,5999,1079,PT8M41S,7260000,521,9,Full Video,https://i.ytimg.com/vi/MNPLQZT-KVo/hqdefault.jpg
YMCC8966Ooo,Best Workout Underwear // NO MORE Panty Lines,05-12-2017,15:00:03Z,457348,6802,1057,PT6M18S,7260000,378,6,Full Video,https://i.ytimg.com/vi/YMCC8966Ooo/hqdefault.jpg
pDRE_Py9RRQ,No Sew Leggings into Crop Top + Other Activewear DIYs,04-12-2017,15:00:07Z,94631,3864,673,PT6M28S,7260000,388,6,Full Video,https://i.ytimg.com/vi/pDRE_Py9RRQ/hqdefault.jpg
7PndTKesUBw,DoYouEven Vs Gymshark Flex // Knockoff or Upgrade??,03-12-2017,16:00:01Z,111060,3566,818,PT7M12S,7260000,432,7,Full Video,https://i.ytimg.com/vi/7PndTKesUBw/hqdefault.jpg
1v2BKiE6C_Q,"Ordering ""FREE"" Holiday WISH.COM Products // Vlogmas Day 1",01-12-2017,15:00:00Z,56644,3009,576,PT6M48S,7260000,408,7,Full Video,https://i.ytimg.com/vi/1v2BKiE6C_Q/hqdefault.jpg
6bJ4aPr9TIk,Cheap Target Activewear // JoyLab Review & Try On,28-11-2017,15:20:06Z,100494,3024,213,PT6M10S,7260000,370,6,Full Video,https://i.ytimg.com/vi/6bJ4aPr9TIk/hqdefault.jpg
UAsEXi0WYaM,MY LEGGING COLLECTION! + Shop My Closet,21-11-2017,15:00:02Z,75786,1896,215,PT4M1S,7260000,241,4,Full Video,https://i.ytimg.com/vi/UAsEXi0WYaM/hqdefault.jpg
2Mq0MaGzmjs,Black Friday Ready Online Shopping Hacks,18-11-2017,15:02:05Z,62192,1897,211,PT7M1S,7260000,421,7,Full Video,https://i.ytimg.com/vi/2Mq0MaGzmjs/hqdefault.jpg
G2JrUVof4Ks,5 Best Tummy Control Workout Leggings,14-11-2017,15:23:39Z,205617,4842,323,PT7M26S,7260000,446,7,Full Video,https://i.ytimg.com/vi/G2JrUVof4Ks/hqdefault.jpg
uBT0WrPb0jc,"New Gymshark No BS Review // Dreamy, Flex, Fit, Crop Tops",10-11-2017,14:22:57Z,234571,4277,362,PT7M49S,7260000,469,8,Full Video,https://i.ytimg.com/vi/uBT0WrPb0jc/hqdefault.jpg
qS76t0hw2sg,Fashion Nova Activewear Review + Huge Giveaway *Not Sponsored*,04-11-2017,14:51:47Z,212985,5585,322,PT12M14S,7260000,734,12,Full Video,https://i.ytimg.com/vi/qS76t0hw2sg/hqdefault.jpg
GM0PFwgGcnI,Buying $5 WISH Workout Leggings *Disaster*,31-10-2017,14:19:20Z,1530498,16364,924,PT9M7S,7260000,547,9,Full Video,https://i.ytimg.com/vi/GM0PFwgGcnI/hqdefault.jpg
2GYl1vKVPlw,Activewear Hacks!! Make Your Leggings Last Forever,17-10-2017,14:00:00Z,94845,3304,216,PT7M57S,7260000,477,8,Full Video,https://i.ytimg.com/vi/2GYl1vKVPlw/hqdefault.jpg
ivzqhBi2-gQ,The Best Long Sleeve Workout Tops You NEED! Review/Try-on,14-10-2017,14:01:42Z,161385,2836,272,PT9M54S,7260000,594,10,Full Video,https://i.ytimg.com/vi/ivzqhBi2-gQ/hqdefault.jpg
6OjdFWECg-k,Husband Buys my Activewear,10-10-2017,17:04:11Z,193446,3934,262,PT8M12S,7260000,492,8,Full Video,https://i.ytimg.com/vi/6OjdFWECg-k/hqdefault.jpg
0Gbm2TwSklQ,Lean Legs and Booty Workout at Home // BodyBoss,07-10-2017,14:02:15Z,56659,2290,167,PT6M32S,7260000,392,7,Full Video,https://i.ytimg.com/vi/0Gbm2TwSklQ/hqdefault.jpg
j9DqxFEjxy8,Quality leggings You NEED for Under $25 // Cheap and Trendy Gym Clothes,02-10-2017,18:00:06Z,375275,11065,3089,PT9M41S,7260000,581,10,Full Video,https://i.ytimg.com/vi/j9DqxFEjxy8/hqdefault.jpg
B1RewTLN9EA,Top 5 Favorite Best HIGH Support Sports Bras,27-09-2017,18:00:00Z,191904,3514,290,PT9M,7260000,540,9,Full Video,https://i.ytimg.com/vi/B1RewTLN9EA/hqdefault.jpg
HxTE74qzxqk,Buying Amazon Activewear for my Dog,23-09-2017,14:00:01Z,136874,3271,241,PT7M4S,7260000,424,7,Full Video,https://i.ytimg.com/vi/HxTE74qzxqk/hqdefault.jpg
7DPsSD3qq_w,The Most Underrated Affordable Activewear // MyProtein Review,19-09-2017,14:00:01Z,171266,4090,283,PT6M57S,7260000,417,7,Full Video,https://i.ytimg.com/vi/7DPsSD3qq_w/hqdefault.jpg
x-SMWXXghE4,Til You Collapse // Affordable Pocket Legging and Shorts Review,15-09-2017,14:00:08Z,100291,2493,272,PT8M16S,7260000,496,8,Full Video,https://i.ytimg.com/vi/x-SMWXXghE4/hqdefault.jpg
oxPI6ZXlTkY,"Cheap and Trendy Swim Favorites // High Cut, Velvet, Off the Shoulder, Knot Top",11-09-2017,18:22:21Z,182533,4070,,PT9M26S,7260000,566,9,Full Video,https://i.ytimg.com/vi/oxPI6ZXlTkY/hqdefault.jpg
AS9mIxT-puU,What‚Äôs in my Gym Bag // Ft. Teddy Blake + Giveaway,07-09-2017,18:00:00Z,93662,2856,1799,PT10M29S,7260000,629,10,Full Video,https://i.ytimg.com/vi/AS9mIxT-puU/hqdefault.jpg
UaE2D_gdajE,First Time Working Out in a Singlet // Gymshark One Piece Review,03-09-2017,18:00:01Z,78757,2805,263,PT6M56S,7260000,416,7,Full Video,https://i.ytimg.com/vi/UaE2D_gdajE/hqdefault.jpg
Ta7k_INm5rc,HUGE Fabletics Gym Clothes Haul & Review Ft. Demi Lovato Line,30-08-2017,18:00:01Z,178462,4042,301,PT11M1S,7260000,661,11,Full Video,https://i.ytimg.com/vi/Ta7k_INm5rc/hqdefault.jpg
y695JQpbjAw,Aerie (By American Eagle) Activewear Try On Review,26-08-2017,14:00:04Z,181858,3910,284,PT9M27S,7260000,567,9,Full Video,https://i.ytimg.com/vi/y695JQpbjAw/hqdefault.jpg
d0I8jjmhSUg,SweetFlexx Review // Leggings that Tone your legs??,17-08-2017,18:00:02Z,62843,2422,288,PT8M5S,7260000,485,8,Full Video,https://i.ytimg.com/vi/d0I8jjmhSUg/hqdefault.jpg
jRLdhXqRXaU,Saski Collection by Tammy Hembrow Review // Sheer Leggings??,13-08-2017,01:22:13Z,358608,3776,486,PT7M34S,7260000,454,8,Full Video,https://i.ytimg.com/vi/jRLdhXqRXaU/hqdefault.jpg
kPdZQ5zq5Ts,"P'Tula Activewear Try On, In-Depth Review",09-08-2017,14:54:00Z,112702,2793,299,PT7M54S,7260000,474,8,Full Video,https://i.ytimg.com/vi/kPdZQ5zq5Ts/hqdefault.jpg
Sgj6Ylt713A,Cheap Walmart Activewear Haul and Review // Hit or Miss?,05-08-2017,18:00:30Z,375655,8863,617,PT13M6S,7260000,786,13,Full Video,https://i.ytimg.com/vi/Sgj6Ylt713A/hqdefault.jpg
fQX6KFoU7YY,"July Fitness Favorites // TJMaxx, Onzie, Yogalicious, Toned By Ashy Bines",31-07-2017,21:26:20Z,99147,2984,303,PT12M16S,7260000,736,12,Full Video,https://i.ytimg.com/vi/fQX6KFoU7YY/hqdefault.jpg
wR0eBSEwDXw,Reacting to Mean Comments *FUNNY* // HopeScope,16-07-2017,14:56:18Z,63536,4180,693,PT4M31S,7260000,271,5,Full Video,https://i.ytimg.com/vi/wR0eBSEwDXw/hqdefault.jpg
u6L1c6O7vXQ,"Old Navy Activewear // In-Depth Review, Try On",12-07-2017,17:58:20Z,194120,4758,363,PT8M51S,7260000,531,9,Full Video,https://i.ytimg.com/vi/u6L1c6O7vXQ/hqdefault.jpg
koh2DZO_uys,"Instagram Made Me Buy It FITNESS Edition // Senita, Bombshell, RedOlive, Relentless, and more",08-07-2017,14:00:05Z,204394,5267,415,PT11M8S,7260000,668,11,Full Video,https://i.ytimg.com/vi/koh2DZO_uys/hqdefault.jpg
AedAziqCUC4,Buff Bunny Collection Summer Review + Drama + How it Holds Up,28-06-2017,13:52:21Z,199608,3827,370,PT10M57S,7260000,657,11,Full Video,https://i.ytimg.com/vi/AedAziqCUC4/hqdefault.jpg
LXlgAfWMmcI,Best Fitness Subscription Box??? Fabletics? Yoga Club? Wantable? Ellie? Compared,25-06-2017,14:17:40Z,163892,3375,249,PT10M59S,7260000,659,11,Full Video,https://i.ytimg.com/vi/LXlgAfWMmcI/hqdefault.jpg
jrKk6g1L-zo,Husband Buys My Swimsuits // Huge RoseWholesale Haul,14-06-2017,13:47:25Z,488653,8808,491,PT8M54S,7260000,534,9,Full Video,https://i.ytimg.com/vi/jrKk6g1L-zo/hqdefault.jpg
idiHdrFfEMM,"2 FREE LEGGINGS??  Is PopFit Legit? In Depth Review, Try On",09-06-2017,12:55:47Z,142546,3034,379,PT6M8S,7260000,368,6,Full Video,https://i.ytimg.com/vi/idiHdrFfEMM/hqdefault.jpg
wjQRTUrRsMo,Affordable Amazon Leggings,25-05-2017,13:38:30Z,782102,15170,534,PT9M21S,7260000,561,9,Full Video,https://i.ytimg.com/vi/wjQRTUrRsMo/hqdefault.jpg
NPISXVH33HU,"Activewear Haul & Try On // Fabletics, May Ellie Unboxing, GymShark",19-05-2017,15:23:52Z,86846,1939,177,PT7M16S,7260000,436,7,Full Video,https://i.ytimg.com/vi/NPISXVH33HU/hqdefault.jpg
9XSoEDQJ8Zg,Victoria's Secret Activewear VS Lululemon // Try On In Depth Review,14-05-2017,12:29:52Z,322656,5758,404,PT10M21S,7260000,621,10,Full Video,https://i.ytimg.com/vi/9XSoEDQJ8Zg/hqdefault.jpg
2vnCxY0wuHU,Cheap and Trendy Swimsuits // Try On Review // Spring 2017 // Zaful,10-05-2017,13:50:37Z,249586,4700,279,PT7M26S,7260000,446,7,Full Video,https://i.ytimg.com/vi/2vnCxY0wuHU/hqdefault.jpg
aOYSItMzViY,Nikki Blackketter X GymShark Try On & In Depth Review,04-05-2017,15:39:00Z,79286,2141,249,PT6M25S,7260000,385,6,Full Video,https://i.ytimg.com/vi/aOYSItMzViY/hqdefault.jpg
01h5DkTUtEY,Healthy Grocery Staples // Making Healthy Eating Suck Less Epi. 2,30-04-2017,13:21:19Z,49476,2091,242,PT8M23S,7260000,503,8,Full Video,https://i.ytimg.com/vi/01h5DkTUtEY/hqdefault.jpg
0TrVnIAN7G4,Better Than the Flex Leggings?? GymShark Vs NUX Activewear,25-04-2017,12:09:49Z,153664,2846,257,PT8M33S,7260000,513,9,Full Video,https://i.ytimg.com/vi/0TrVnIAN7G4/hqdefault.jpg
YNrpOHiXSiU,$3 EBAY Activewear Try On *Disaster*,21-04-2017,13:48:36Z,502410,9260,489,PT8M29S,7260000,509,8,Full Video,https://i.ytimg.com/vi/YNrpOHiXSiU/hqdefault.jpg
AbVAiC-cloU,GymShark Leggings Vs Lululemon Leggings // In-depth Try On Review,12-04-2017,13:46:30Z,336439,4174,253,PT9M39S,7260000,579,10,Full Video,https://i.ytimg.com/vi/AbVAiC-cloU/hqdefault.jpg
If5uQnwjORY,Cheap and Trendy Crop Tops and Sports Bras // Try on // Spring 2017,03-04-2017,14:00:02Z,351184,6042,,PT8M21S,7260000,501,8,Full Video,https://i.ytimg.com/vi/If5uQnwjORY/hqdefault.jpg
RgtPPjtkK9I,One Piece SwimSuit LookBook // Spring,30-03-2017,12:04:41Z,78981,1239,126,PT2M23S,7260000,143,2,Shorts,https://i.ytimg.com/vi/RgtPPjtkK9I/hqdefault.jpg
cmB33WKwRiA,Better Bodies Try on and In Depth Review (Squat Tested),18-03-2017,09:13:36Z,51741,1728,154,PT5M45S,7260000,345,6,Full Video,https://i.ytimg.com/vi/cmB33WKwRiA/hqdefault.jpg
riKNH_RgQcw,Buff Bunny Collection Try on and Review // New Arrivals!,11-02-2017,06:46:21Z,111371,2016,220,PT5M41S,7260000,341,6,Full Video,https://i.ytimg.com/vi/riKNH_RgQcw/hqdefault.jpg
82kV-36oaJ4,Meet Leo the Labradoodle,08-02-2017,14:49:27Z,107977,5581,417,PT5M,7260000,300,5,Full Video,https://i.ytimg.com/vi/82kV-36oaJ4/hqdefault.jpg
5fIPSq2Qi3A,Lululemon vs Fabletics Haul and Review,29-01-2017,22:35:40Z,186047,2586,204,PT10M19S,7260000,619,10,Full Video,https://i.ytimg.com/vi/5fIPSq2Qi3A/hqdefault.jpg
sBd1ZSEHzZ0,Making Healthy Eating Suck Less : Episode 1 : FDOE,13-01-2017,14:25:19Z,58676,1651,148,PT7M19S,7260000,439,7,Full Video,https://i.ytimg.com/vi/sBd1ZSEHzZ0/hqdefault.jpg
qSp__oMR0-w,Lululemon Vs Zella Haul and Review,17-12-2016,18:23:02Z,88228,1792,216,PT12M31S,7260000,751,13,Full Video,https://i.ytimg.com/vi/qSp__oMR0-w/hqdefault.jpg
cP7cEG-e-t4,Alo Yoga Try On and Review || HopeScope,19-11-2016,17:28:50Z,94622,1946,196,PT8M30S,7260000,510,8,Full Video,https://i.ytimg.com/vi/cP7cEG-e-t4/hqdefault.jpg
RvKYOQy6-34,Lululemon vs Athleta Haul and Review,22-10-2016,09:18:50Z,244339,3483,453,PT10M54S,7260000,654,11,Full Video,https://i.ytimg.com/vi/RvKYOQy6-34/hqdefault.jpg
YR-02n-D-t8,Lake Powell Vlog,20-08-2016,04:35:46Z,111168,2265,509,PT12M48S,7260000,768,13,Full Video,https://i.ytimg.com/vi/YR-02n-D-t8/hqdefault.jpg
